Token_ID,Token,POS,Number,Case,Gender,Person,Tense,Voice,Mood,Lemma
Sen_1,Gallia,NOUN,Sg.,Nom.,f,NaN,NaN,NaN,NaN,Gallia
Sen_1,est,VERB,Sg.,NaN,NaN,3,Praes.,act.,ind.,sum
Sen_1,omnis,ADJ,Sg.,Nom.,f,NaN,NaN,NaN,NaN,omnis
Sen_1,divisa,PART,Sg.,Nom.,f,NaN,Praes.,pass.,NaN,divido
Sen_1,in,PREP,NaN,NaN,NaN,NaN,NaN,NaN,NaN,in
Sen_1,partes,NOUN,Pl.,Acc.,f,NaN,NaN,NaN,NaN,pars
Sen_1,tres,NUM,Pl.,Acc.,f,NaN,NaN,NaN,NaN,tres
Sen_1,",",PUNCT,NaN,NaN,NaN,NaN,NaN,NaN,NaN,","
Sen_1,quarum,PRON,Sg.,Gen.,f,NaN,NaN,NaN,NaN,qui
Sen_1,unam,NUM,Sg.,Acc.,f,NaN,NaN,NaN,NaN,unus
Sen_1,incolunt,VERB,Sg.,NaN,NaN,3,Praes.,act.,ind.,incolo
Sen_1,Belgae,NOUN,Pl.,Nom.,m,NaN,NaN,NaN,NaN,Belgae
Sen_1,",",PUNCT,NaN,NaN,NaN,NaN,NaN,NaN,NaN,","
Sen_1,aliam,PRON,Sg.,Acc.,f,NaN,NaN,NaN,NaN,alius
Sen_1,Aquitani,NOUN,Pl.,Nom.,m,NaN,NaN,NaN,NaN,Aquitani
Sen_1,",",PUNCT,NaN,NaN,NaN,NaN,NaN,NaN,NaN,","
Sen_1,terciam,NUM,Sg.,Acc.,f,NaN,NaN,NaN,NaN,tercius
Sen_1,qui,PRON,Sg.,Nom.,m,NaN,NaN,NaN,NaN,qui
Sen_1,ipsorum,PRON,Sg.,Gen.,m,NaN,NaN,NaN,NaN,ipse
Sen_1,lingua,NOUN,Sg.,Abl.,f,NaN,NaN,NaN,NaN,lingua
Sen_1,Celtae,NOUN,Pl.,Nom.,m,NaN,NaN,NaN,NaN,Celtae
Sen_1,",",PUNCT,NaN,NaN,m,NaN,NaN,NaN,NaN,","
Sen_1,nostra,PRON,Pl.,Abl.,f,NaN,NaN,NaN,NaN,noster
Sen_1,Galli,NOUN,Pl.,Nom.,m,NaN,NaN,NaN,NaN,Galli
Sen_1,appellantur,VERB,Pl.,NaN,NaN,3,Praes.,pass.,ind.,appello
Sen_1,.,PUNCT,NaN,NaN,NaN,NaN,NaN,NaN,NaN,.
Sen_2,Hi,PRON,Pl.,Nom.,m,NaN,NaN,NaN,NaN,hic
Sen_2,omnes,PRON,Pl.,Nom.,m,NaN,NaN,NaN,NaN,omnis
Sen_2,lingua,NOUN,Sg.,Abl.,f,NaN,NaN,NaN,NaN,lingua
Sen_2,",",PUNCT,NaN,NaN,NaN,NaN,NaN,NaN,NaN,","
Sen_2,institutis,NOUN,Sg.,Abl.,n,NaN,NaN,NaN,NaN,institutum
Sen_2,",",PUNCT,NaN,NaN,NaN,NaN,NaN,NaN,NaN,","
Sen_2,legibus,NOUN,Pl.,Abl.,f,NaN,NaN,NaN,NaN,lex
Sen_2,inter,PREP,NaN,NaN,NaN,NaN,NaN,NaN,NaN,inter
Sen_2,se,PRON,Sg.,Acc.,NaN,NaN,NaN,NaN,NaN,sui
Sen_2,differunt,VERB,Pl.,NaN,NaN,3,Praes.,act.,ind.,differo
Sen_2,.,PUNCT,NaN,NaN,NaN,NaN,NaN,NaN,NaN,.
Sen_3,Gallos,NOUN,Pl.,Acc.,m,NaN,NaN,NaN,NaN,Galli
Sen_3,ab,PREP,NaN,NaN,NaN,NaN,NaN,NaN,NaN,ab
Sen_3,Aquitanis,NOUN,Pl.,Acc.,m,NaN,NaN,NaN,NaN,Aquitani
Sen_3,Garumna,NOUN,Sg.,Nom.,f,NaN,NaN,NaN,NaN,Garumna
Sen_3,flumen,NOUN,Sg.,Nom.,n,NaN,NaN,NaN,NaN,flumen
Sen_3,",",PUNCT,NaN,NaN,NaN,NaN,NaN,NaN,NaN,","
Sen_3,a,PREP,NaN,NaN,NaN,NaN,NaN,NaN,NaN,a
Sen_3,Belgis,NOUN,Pl.,Abl.,m,NaN,NaN,NaN,NaN,Belgi
Sen_3,Matrona,NOUN,Sg.,Nom.,f,NaN,NaN,NaN,NaN,Matrona
Sen_3,et,CONJ,NaN,NaN,NaN,NaN,NaN,NaN,NaN,et
Sen_3,Sequana,NOUN,Sg.,Nom.,f,NaN,NaN,NaN,NaN,Sequana
Sen_3,dividit,VERB,Sg.,NaN,NaN,3,Praes.,act.,ind.,divido
Sen_3,.,PUNCT,NaN,NaN,NaN,NaN,NaN,NaN,NaN,.
Sen_4,Horum,PRON,Pl.,Gen.,m,NaN,NaN,NaN,NaN,hic
Sen_4,omnium,PRON,Pl.,Gen.,m,NaN,NaN,NaN,NaN,omnis
Sen_4,fortissimi,ADJ,Pl.,Nom.,m,NaN,NaN,NaN,NaN,fortis
Sen_4,sunt,VERB,Pl.,NaN,NaN,3,Praes.,act.,NaN,sum
Sen_4,Belgae,NOUN,Pl.,Nom.,m,NaN,NaN,NaN,NaN,Belgae
Sen_4,",",PUNCT,NaN,NaN,NaN,NaN,NaN,NaN,NaN,","
Sen_4,propterea,CONJ,NaN,NaN,NaN,NaN,NaN,NaN,NaN,propterea
Sen_4,quod,PRON,Sg.,Acc.,n,NaN,NaN,NaN,NaN,qui
Sen_4,a,PREP,NaN,NaN,NaN,NaN,NaN,NaN,NaN,a
Sen_4,cultu,NOUN,Sg.,Abl.,m,NaN,NaN,NaN,NaN,cultus
Sen_4,atque,CONJ,NaN,NaN,NaN,NaN,NaN,NaN,NaN,atque
Sen_4,humanitate,NOUN,Sg.,Abl.,f,NaN,NaN,NaN,NaN,humanitas
Sen_4,provinciae,NOUN,Sg.,Gen.,f,NaN,NaN,NaN,NaN,provincia
Sen_4,longissime,ADV,Sg.,NaN,NaN,NaN,NaN,NaN,NaN,longus
Sen_4,absunt,VERB,Pl.,NaN,NaN,3,Praes.,act.,ind.,absum
Sen_4,",",PUNCT,NaN,NaN,NaN,NaN,NaN,NaN,NaN,","
Sen_4,minimeque,ADV,Sg.,NaN,NaN,NaN,NaN,NaN,NaN,minimus
Sen_4,ad,PREP,NaN,NaN,NaN,NaN,NaN,NaN,NaN,ad
Sen_4,eos,PRON,Sg.,Acc.,m,NaN,NaN,NaN,NaN,is
Sen_4,mercatores,NOUN,Pl.,Nom.,m,NaN,NaN,NaN,NaN,mercator
Sen_4,saepe,ADV,NaN,NaN,NaN,NaN,NaN,NaN,NaN,saepe
Sen_4,commeant,VERB,Pl.,NaN,NaN,3,Praes.,NaN,NaN,commeo
Sen_4,atque,CONJ,NaN,NaN,NaN,NaN,NaN,NaN,NaN,atque
Sen_4,ea,PRON,Sg.,Nom.,f,NaN,NaN,NaN,NaN,is
Sen_4,quae,PRON,Sg.,Nom.,f,NaN,NaN,NaN,NaN,qui
Sen_4,ad,CONJ,NaN,NaN,NaN,NaN,NaN,NaN,NaN,ad
Sen_4,effeminandos,ADJ,NaN,Acc.,m,NaN,NaN,NaN,NaN,effeminandus
Sen_4,animos,NOUN,Sg.,Acc.,m,NaN,NaN,NaN,NaN,animus
Sen_4,pertinent,VERB,Pl.,NaN,NaN,3,Praes.,act.,ind.,pertineo
Sen_4,important,VERB,Pl.,NaN,NaN,3,Praes.,act.,ind.,importo
Sen_4,",",PUNCT,NaN,NaN,NaN,NaN,NaN,NaN,NaN,","
Sen_4,proximique,ADJ,Pl.,Nom.,m,NaN,NaN,NaN,NaN,proximus
Sen_4,sunt,VERB,Pl.,NaN,NaN,3,Praes.,act.,ind.,sum
Sen_4,Germanis,NOUN,Pl.,Dat.,m,NaN,NaN,NaN,NaN,Germani
Sen_4,",",PUNCT,NaN,NaN,NaN,NaN,NaN,NaN,NaN,","
Sen_4,qui,PRON,Pl.,Nom.,m,NaN,NaN,NaN,NaN,qui
Sen_4,trans,PREP,NaN,NaN,NaN,NaN,NaN,NaN,NaN,trans
Sen_4,Rhenum,NOUN,Sg.,Acc.,m,NaN,NaN,NaN,NaN,Rhenum
Sen_4,incolunt,VERB,Pl.,NaN,NaN,3,Praes.,act.,ind.,incolo
Sen_4,",",PUNCT,NaN,NaN,NaN,NaN,NaN,NaN,NaN,","
Sen_4,quibiscum,PRON,Pl.,NaN,m,NaN,NaN,NaN,NaN,qui
Sen_4,continenter,ADV,NaN,NaN,NaN,NaN,NaN,NaN,NaN,continenter
Sen_4,bellum,NOUN,Sg.,Acc.,n,NaN,NaN,NaN,NaN,bellum
Sen_4,gerunt,VERB,Pl.,NaN,NaN,3,Praes.,act.,ind.,gero
Sen_4,.,PUNCT,NaN,NaN,NaN,NaN,NaN,NaN,NaN,.
Sen_5,Qua,PRON,Sg.,Abl.,f,NaN,NaN,NaN,NaN,qui
Sen_5,de,PREP,NaN,NaN,NaN,NaN,NaN,NaN,NaN,de
Sen_5,causa,NOUN,Sg.,Abl.,f,NaN,NaN,NaN,NaN,causa
Sen_5,Helvetii,NOUN,Pl.,Nom.,m,NaN,NaN,NaN,NaN,Helvetii
Sen_5,quoque,CONJ,NaN,NaN,NaN,NaN,NaN,NaN,NaN,quoque
Sen_5,reliquos,ADJ,Pl.,Acc.,m,NaN,NaN,NaN,NaN,reliquus
Sen_5,Gallos,NOUN,Pl.,Acc.,m,NaN,NaN,NaN,NaN,Galli
Sen_5,virtute,NOUN,Sg.,Abl.,f,NaN,NaN,NaN,NaN,virtus
Sen_5,praecedunt,VERB,Pl.,NaN,NaN,3,Praes.,act.,ind.,praecedo
Sen_5,",",PUNCT,NaN,NaN,NaN,NaN,NaN,NaN,NaN,","
Sen_5,quod,CONJ,NaN,NaN,NaN,NaN,NaN,NaN,NaN,quod
Sen_5,fere,ADV,NaN,NaN,NaN,NaN,NaN,NaN,NaN,fere
Sen_5,cotidianis,ADV,NaN,NaN,NaN,NaN,NaN,NaN,NaN,cotidianis
Sen_5,proelis,NOUN,Pl.,Abl.,n,NaN,NaN,NaN,NaN,proelium
Sen_5,cum,PREP,NaN,NaN,NaN,NaN,NaN,NaN,NaN,cum
Sen_5,Germanis,NOUN,Pl.,Abl.,m,NaN,NaN,NaN,NaN,Germani
Sen_5,contendunt,VERB,Pl.,NaN,NaN,3,Praes.,act.,ind.,contendo
Sen_5,",",PUNCT,NaN,NaN,NaN,NaN,NaN,NaN,NaN,","
Sen_5,cum,PREP,NaN,NaN,NaN,NaN,NaN,NaN,NaN,cum
Sen_5,aut,CONJ,NaN,NaN,NaN,NaN,NaN,NaN,NaN,aut
Sen_5,suis,PRON,Pl.,Abl.,m,NaN,NaN,NaN,NaN,suus
Sen_5,finibus,NOUN,Pl.,Abl.,m,NaN,NaN,NaN,NaN,finis
Sen_5,eos,PRON,Pl.,Acc.,m,NaN,NaN,NaN,NaN,is
Sen_5,prohibent,VERB,Pl.,NaN,NaN,3,Praes.,act.,ind.,prohibeo
Sen_5,aut,CONJ,NaN,NaN,NaN,NaN,NaN,NaN,NaN,aut
Sen_5,ipsi,PRON,Pl.,Nom.,m,NaN,NaN,NaN,NaN,ipse
Sen_5,in,PREP,NaN,NaN,NaN,NaN,NaN,NaN,NaN,in
Sen_5,eorum,PRON,Pl.,Gen.,m,NaN,NaN,NaN,NaN,is
Sen_5,finibus,NOUN,Pl.,Abl.,m,NaN,NaN,NaN,NaN,finis
Sen_5,bellum,NOUN,Sg.,Acc.,n,NaN,NaN,NaN,NaN,bellum
Sen_5,gerunt,VERB,Pl.,NaN,NaN,3,Praes.,act.,ind.,gero
Sen_5,.,,,,,,,,,
Sen_6,Qua,PRON,Sg.,Abl.,f,NaN,NaN,NaN,NaN,
Sen_6,de,PREP,NaN,NaN,NaN,NaN,NaN,NaN,NaN,de
Sen_6,causa,NOUN,Sg.,Abl.,f,NaN,NaN,NaN,NaN,causa
Sen_6,Helvetii,NOUN,Pl.,Nom.,m,NaN,NaN,NaN,NaN,Helvetii
Sen_6,quoque,CONJ,NaN,NaN,NaN,NaN,NaN,NaN,NaN,quoque
Sen_6,reliquos,ADJ,Pl.,Acc.,m,NaN,NaN,NaN,NaN,reliquus
Sen_6,Gallos,NOUN,Pl.,Acc.,m,NaN,NaN,NaN,NaN,Galli
Sen_6,virtute,NOUN,Sg.,Abl.,f,NaN,NaN,NaN,NaN,virtus
Sen_6,praecedunt,VERB,Pl.,NaN,NaN,3,Praes.,act.,ind.,praecedo
Sen_6,",",PUNCT,NaN,NaN,NaN,NaN,NaN,NaN,NaN,","
Sen_6,quod,CONJ,NaN,NaN,NaN,NaN,NaN,NaN,NaN,quod
Sen_6,fere,ADV,NaN,NaN,NaN,NaN,NaN,NaN,NaN,fere
Sen_6,cotidiandis,ADV,NaN,NaN,NaN,NaN,NaN,NaN,NaN,cotidianis
Sen_6,proelis,NOUN,Pl.,Abl.,n,NaN,NaN,NaN,NaN,proelium
Sen_6,cum,PREP,NaN,NaN,NaN,NaN,NaN,NaN,NaN,cum
Sen_6,Germanis,NOUN,Pl.,Abl.,m,NaN,NaN,NaN,NaN,Germani
Sen_6,contendunt,VERB,Pl.,NaN,NaN,3,Praes.,act.,ind.,contendo
Sen_6,",",PUNCT,NaN,NaN,NaN,NaN,NaN,NaN,NaN,","
Sen_6,cum,PREP,NaN,NaN,NaN,NaN,NaN,NaN,NaN,cum
Sen_6,aut,CONJ,NaN,NaN,NaN,NaN,NaN,NaN,NaN,aut
Sen_6,suis,PRON,Pl.,Abl.,m,NaN,NaN,NaN,NaN,suus
Sen_6,finibus,NOUN,Pl.,Abl.,m,NaN,NaN,NaN,NaN,finis
Sen_6,eos,PRON,Pl.,Acc.,m,NaN,NaN,NaN,NaN,is
Sen_6,prohibent,VERB,Pl.,NaN,NaN,3,Praes.,act.,ind.,prohibeo
Sen_6,aut,CONJ,NaN,NaN,NaN,NaN,NaN,NaN,NaN,aut
Sen_6,ipsi,PRON,Pl.,Nom.,m,NaN,NaN,NaN,NaN,ipse
Sen_6,in,PREP,NaN,NaN,NaN,NaN,NaN,NaN,NaN,in
Sen_6,eorum,PRON,Pl.,Gen.,m,NaN,NaN,NaN,NaN,is
Sen_6,finibus,NOUN,Pl.,Abl.,m,NaN,NaN,NaN,NaN,finis
Sen_6,bellum,NOUN,Sg.,Acc.,n,NaN,NaN,NaN,NaN,bellum
Sen_6,gerunt,VERB,Pl.,NaN,NaN,3,Praes.,act.,ind.,gero
Sen_6,.,PUNCT,NaN,NaN,NaN,NaN,NaN,NaN,NaN,.
Sen_7,Eorum,PRON,Pl.,Gen.,m,NaN,NaN,NaN,NaN,is
Sen_7,una,ADJ,Sg.,Nom.,f,NaN,NaN,NaN,NaN,unus
Sen_7,pars,NOUN,Sg.,Nom.,f,NaN,NaN,NaN,NaN,pars
Sen_7,",",PUNCT,NaN,NaN,NaN,NaN,NaN,NaN,NaN,","
Sen_7,quam,PRON,Sg.,Acc.,f,NaN,NaN,NaN,NaN,qui
Sen_7,Gallos,NOUN,Pl.,Acc.,m,NaN,NaN,NaN,NaN,Gallus
Sen_7,obtinere,VERB,NaN,NaN,NaN,NaN,Praes.,act.,inf.,obtineo
Sen_7,dictum,VERB,Sg.,Nom.,n,NaN,Perf.,pass.,inf.,dico
Sen_7,est,VERB,Sg.,NaN,NaN,3,Praes.,pass.,ind.,sum
Sen_7,",",PUNCT,NaN,NaN,NaN,NaN,NaN,NaN,NaN,","
Sen_7,initium,NOUN,Sg.,Acc.,n,NaN,NaN,NaN,NaN,initium
Sen_7,capit,VERB,Sg.,NaN,NaN,3,Praes.,act.,ind.,
Sen_7,a,PREP,NaN,NaN,NaN,NaN,NaN,NaN,NaN,a 
Sen_7,flumine,NOUN,Sg.,Abl.,n,NaN,NaN,NaN,NaN,flumen
Sen_7,Rhodano,NOUN,Sg.,Abl.,m,NaN,NaN,NaN,NaN,Rhodanus
Sen_7,;,PUNCT,NaN,NaN,NaN,NaN,NaN,NaN,NaN,;
Sen_7,continetur,VERB,Sg.,NaN,NaN,3,Praes.,pass.,ind.,contineo
Sen_7,Garumna,NOUN,Sg.,Abl.,f,NaN,NaN,NaN,NaN,Grauma
Sen_7,flumine,NOUN,Sg.,Abl.,n,NaN,NaN,NaN,NaN,flumen
Sen_7,",",PUNCT,NaN,NaN,NaN,NaN,NaN,NaN,NaN,","
Sen_7,Oceano,NOUN,Sg.,Abl.,m,NaN,NaN,NaN,NaN,Oceanus
Sen_7,",",PUNCT,NaN,NaN,NaN,NaN,NaN,NaN,NaN,","
Sen_7,finibus,NOUN,Pl.,Abl.,m,NaN,NaN,NaN,NaN,finis
Sen_7,Belgarum,NOUN,Pl.,Gen.,m,NaN,NaN,NaN,NaN,Belgae
Sen_7,;,NOUN,Pl.,Gen.,m,NaN,NaN,NaN,NaN,Belgae
Sen_7,attingit,VERB,Sg.,NaN,NaN,3,Praes.,act.,ind.,attingo
Sen_7,etiam,ADV,NaN,NaN,NaN,NaN,NaN,NaN,NaN,etiam
Sen_7,ab,PREP,NaN,NaN,NaN,NaN,NaN,NaN,NaN,ab
Sen_7,Sequanis,NOUN,Pl.,Abl.,m,NaN,NaN,NaN,NaN,Sequani
Sen_7,et,CONJ,NaN,NaN,NaN,NaN,NaN,NaN,NaN,et
Sen_7,Helvetiis,NOUN,Pl.,Abl.,m,NaN,NaN,NaN,NaN,Helvetii
Sen_7,flumen,NOUN,Sg.,Acc.,n,NaN,NaN,NaN,NaN,flumen
Sen_7,Rhenum,NOUN,Sg.,Acc.,m,NaN,NaN,NaN,NaN,Rhenus
Sen_7,;,PUNCT,NaN,NaN,NaN,NaN,NaN,NaN,NaN,;
Sen_7,vergit,VERB,Sg.,NaN,NaN,3,Praes.,act.,ind.,vergo
Sen_7,ad,PREP,NaN,NaN,NaN,NaN,NaN,NaN,NaN,ad
Sen_7,septentriones,NOUN,Pl.,Acc.,m,NaN,NaN,NaN,NaN,septentrio
Sen_7,et,CONJ,NaN,NaN,NaN,NaN,NaN,NaN,NaN,et
Sen_7,orientem,NOUN,Sg.,Acc.,m,NaN,NaN,NaN,NaN,oriens
Sen_7,solem,NOUN,Sg.,Acc.,m,NaN,NaN,NaN,NaN,sol
Sen_8,Aquitania,NOUN,Sg.,Nom.,f,NaN,NaN,NaN,NaN,Aquitania
Sen_8,a,PREP,NaN,NaN,NaN,NaN,NaN,NaN,NaN,a
Sen_8,Garumna,NOUN,Sg.,Abl.,f,NaN,NaN,NaN,NaN,Garumna
Sen_8,flumine,NOUN,Sg.,Abl.,n,NaN,NaN,NaN,NaN,flumen
Sen_8,ad,PREP,NaN,NaN,NaN,NaN,NaN,NaN,NaN,ad
Sen_8,Pyrenaeos,ADJ,Pl.,Acc.,m,NaN,NaN,NaN,NaN,Pyrenaeus
Sen_8,montes,NOUN,Pl.,Acc.,m,NaN,NaN,NaN,NaN,mons
Sen_8,et,CONJ,NaN,NaN,NaN,NaN,NaN,NaN,NaN,et
Sen_8,eam,PRON,Sg.,Acc.,f,NaN,NaN,NaN,NaN,is
Sen_8,partem,NOUN,Sg.,Acc.,f,NaN,NaN,NaN,NaN,pars
Sen_8,Oceani,NOUN,Sg.,Gen.,m,NaN,NaN,NaN,NaN,Oceanus
Sen_8,quae,PRON,Sg.,Nom.,f,NaN,NaN,NaN,NaN,qui
Sen_8,est,VERB,Sg.,NaN,NaN,3,Praes.,act.,ind.,sum
Sen_8,ad,PREP,NaN,NaN,NaN,NaN,NaN,NaN,NaN,ad
Sen_8,Hispaniam,NOUN,Sg.,Acc.,f,NaN,NaN,NaN,NaN,Hispania
Sen_8,pertinet,VERB,Sg.,NaN,NaN,3,Praes.,act.,ind.,pertineo
Sen_8,;,PUNCT,NaN,NaN,NaN,NaN,NaN,NaN,NaN,;
Sen_8,spectat,VERB,Sg.,NaN,NaN,3,Praes.,act.,ind.,specto
Sen_8,inter,PREP,NaN,NaN,NaN,NaN,NaN,NaN,NaN,inter
Sen_8,occasum,NOUN,Sg.,Acc.,m,NaN,NaN,NaN,NaN,occasus
Sen_8,solis,NOUN,Sg.,Gen.,m,NaN,NaN,NaN,NaN,sol
Sen_8,et,CONJ,NaN,NaN,NaN,NaN,NaN,NaN,NaN,et
Sen_8,septentriones,NOUN,Pl.,Acc.,m,NaN,NaN,NaN,NaN,septentrio
Sen_8,.,PUNCT,NaN,NaN,NaN,NaN,NaN,NaN,NaN,.
Sen_9,Apud,PREP,NaN,NaN,NaN,NaN,NaN,NaN,NaN,apud
Sen_9,Helvetios,NOUN,Pl.,Acc.,m,NaN,NaN,NaN,NaN,Helvetii
Sen_9,longe,ADV,NaN,NaN,NaN,NaN,NaN,NaN,NaN,longe
Sen_9,nobillissimus,ADJ,Sg.,Nom.,m,NaN,NaN,NaN,NaN,nobilis
Sen_9,fuit,VERB,Sg.,NaN,NaN,3,Perf.,act.,ind.,sum
Sen_9,et,CONJ,NaN,NaN,NaN,NaN,NaN,NaN,NaN,et
Sen_9,ditissimun,ADJ,Sg.,Nom.,m,NaN,NaN,NaN,NaN,dives
Sen_9,Orgetorix,NOUN,Sg.,Nom.,m,NaN,NaN,NaN,NaN,Orgetorix
Sen_9,.,PUNCT,NaN,NaN,NaN,NaN,NaN,NaN,NaN,.
Sen_10,Is,PRON,Sg.,Nom.,m,NaN,NaN,NaN,NaN,is
Sen_10,",",PUNCT,NaN,NaN,NaN,NaN,NaN,NaN,NaN,","
Sen_10,M,NOUN,Sg.,Abl.,m,NaN,NaN,NaN,NaN,Marcus
Sen_10,.,PUNCT,NaN,NaN,NaN,NaN,NaN,NaN,NaN,.
Sen_10,Messala,NOUN,Sg.,Abl.,m,NaN,NaN,NaN,NaN,Messala
Sen_10,et,CONJ,NaN,NaN,NaN,NaN,NaN,NaN,NaN,et
Sen_10,M,NOUN,Sg.,Abl.,m,NaN,NaN,NaN,NaN,Marcus
Sen_10,.,PUNCT,NaN,NaN,NaN,NaN,NaN,NaN,NaN,.
Sen_10,Pupio,NOUN,Sg.,Abl.,m,NaN,NaN,NaN,NaN,Pupius
Sen_10,Pisone,NOUN,Sg.,Abl.,m,NaN,NaN,NaN,NaN,Piso
Sen_10,consulibus,NOUN,Pl.,Abl.,m,NaN,NaN,NaN,NaN,consul
Sen_10,",",PUNCT,NaN,NaN,NaN,NaN,NaN,NaN,NaN,","
Sen_10,regni,NOUN,Sg.,Gen.,n,NaN,NaN,NaN,NaN,regnum
Sen_10,cupiditate,NOUN,Sg.,Abl.,f,NaN,NaN,NaN,NaN,cupiditas
Sen_10,inductus,VERB,Sg.,Nom.,m,NaN,Perf.,pass.,part.,induco
Sen_10,coniurationem,NOUN,Sg.,Acc.,f,NaN,NaN,NaN,NaN,coniuratio
Sen_10,nobilitatis,NOUN,Sg.,Gen.,f,NaN,NaN,NaN,NaN,nobilitas
Sen_10,fecit,VERB,Sg.,NaN,NaN,3,Perf.,act.,ind.,facio
Sen_10,",",PUNCT,NaN,NaN,NaN,NaN,NaN,NaN,NaN,","
Sen_10,et,CONJ,NaN,NaN,NaN,NaN,NaN,NaN,NaN,et
Sen_10,civitati,NOUN,Sg.,Dat.,f,NaN,NaN,NaN,NaN,civitas
Sen_10,persuasit,VERB,Sg.,NaN,NaN,3,Perf.,act.,ind.,persuadeo
Sen_10,ut,CONJ,NaN,NaN,NaN,NaN,NaN,NaN,NaN,ut
Sen_10,de,PREP,NaN,NaN,NaN,NaN,NaN,NaN,NaN,de
Sen_10,finibus,NOUN,Pl.,Abl.,m,NaN,NaN,NaN,NaN,finis
Sen_10,suis,PRON,Pl.,Abl.,m,NaN,NaN,NaN,NaN,suus
Sen_10,cum,PREP,NaN,NaN,NaN,NaN,NaN,NaN,NaN,cum
Sen_10,omnibus,ADJ,Pl.,Abl.,f,NaN,NaN,NaN,NaN,omnis
Sen_10,copiis,NOUN,Pl.,Abl.,f,NaN,NaN,NaN,NaN,copia
Sen_10,exirent,VERB,Pl.,NaN,NaN,3,Imp.,act.,subj.,exeo
Sen_10,:,PUNCT,NaN,NaN,NaN,NaN,NaN,NaN,NaN,:
Sen_10,perfacile,ADJ,Sg.,Nom.,n,NaN,NaN,NaN,NaN,perfacilis
Sen_10,esse,VERB,NaN,NaN,NaN,NaN,Praes.,act.,inf.,sum
Sen_10,",",PUNCT,NaN,NaN,NaN,NaN,NaN,NaN,NaN,","
Sen_10,cum,CONJ,NaN,NaN,NaN,NaN,NaN,NaN,NaN,cum
Sen_10,virtute,NOUN,Sg.,Abl.,f,NaN,NaN,NaN,NaN,virtus
Sen_10,omnibus,ADJ,Pl.,Dat.,m,NaN,NaN,NaN,NaN,omnis
Sen_10,"praestarent,",VERB,Pl.,NaN,NaN,3,Imp.,act.,subj.,praesto
Sen_10,totius,PUNCT,NaN,NaN,NaN,NaN,NaN,NaN,NaN,","
Sen_10,Galliae,ADJ,Sg.,Gen.,f,NaN,NaN,NaN,NaN,totus
Sen_10,imperio,NOUN,Sg.,Gen.,f,NaN,NaN,NaN,NaN,Gallia
Sen_10,potiri,NOUN,Sg.,Abl.,n,NaN,NaN,NaN,NaN,imperium
Sen_10,.,VERB,NaN,NaN,NaN,NaN,Praes.,dep.,inf.,potior
Sen_11,Id,PRON,Sg.,Nom.,n,NaN,NaN,NaN,NaN,id
Sen_12,hoc,PRON,Sg.,Abl.,n,NaN,NaN,NaN,NaN,hic
Sen_12,facilius,ADV,NaN,NaN,NaN,NaN,NaN,NaN,NaN,facilis
Sen_12,iis,PRON,Pl.,Dat.,m,NaN,NaN,NaN,NaN,is
Sen_12,persuasit,VERB,Sg.,NaN,NaN,3,Perf.,act.,ind.,persuadeo
Sen_12,",",PUNCT,NaN,NaN,NaN,NaN,NaN,NaN,NaN,","
Sen_12,quod,CONJ,NaN,NaN,NaN,NaN,NaN,NaN,NaN,quod
Sen_12,undique,ADV,NaN,NaN,NaN,NaN,NaN,NaN,NaN,undique
Sen_12,loci,NOUN,Pl.,Nom.,m,NaN,NaN,NaN,NaN,locus
Sen_12,natura,NOUN,Sg.,Nom.,f,NaN,NaN,NaN,NaN,natura
Sen_12,Helvetii,NOUN,Pl.,Nom.,m,NaN,NaN,NaN,NaN,Helvetii
Sen_12,continentur,VERB,Pl.,NaN,NaN,3,Praes.,pass.,ind.,contineo
Sen_12,:,PUNCT,NaN,NaN,NaN,NaN,NaN,NaN,NaN,:
Sen_12,una,ADJ,Sg.,Abl.,f,NaN,NaN,NaN,NaN,unus
Sen_12,ex,PREP,NaN,NaN,NaN,NaN,NaN,NaN,NaN,ex
Sen_12,parte,NOUN,Sg.,Abl.,f,NaN,NaN,NaN,NaN,pars
Sen_12,flumine,NOUN,Sg.,Abl.,n,NaN,NaN,NaN,NaN,flumen
Sen_12,Rheno,NOUN,Sg.,Abl.,m,NaN,NaN,NaN,NaN,Rhenus
Sen_12,latissimo,ADJ,Sg.,Abl.,m,NaN,NaN,NaN,NaN,latus
Sen_12,atque,CONJ,NaN,NaN,NaN,NaN,NaN,NaN,NaN,atque
Sen_12,altissimo,ADJ,Sg.,Abl.,m,NaN,NaN,NaN,NaN,altus
Sen_12,",",PUNCT,NaN,NaN,NaN,NaN,NaN,NaN,NaN,","
Sen_12,qui,PRON,Sg.,Nom.,m,NaN,NaN,NaN,NaN,qui
Sen_12,agrum,NOUN,Sg.,Acc.,m,NaN,NaN,NaN,NaN,ager
Sen_12,Helvetium,ADJ,Sg.,Acc.,m,NaN,NaN,NaN,NaN,Helvetius
Sen_12,a,PREP,NaN,NaN,NaN,NaN,NaN,NaN,NaN,a
Sen_12,Germanis,NOUN,Pl.,Abl.,m,NaN,NaN,NaN,NaN,Germani
Sen_12,dividit,VERB,Sg.,NaN,NaN,3,Praes.,act.,ind.,divido
Sen_12,;,PUNCT,NaN,NaN,NaN,NaN,NaN,NaN,NaN,;
Sen_12,altera,ADJ,Sg.,Abl.,f,NaN,NaN,NaN,NaN,alter
Sen_12,ex,PREP,NaN,NaN,NaN,NaN,NaN,NaN,NaN,ex
Sen_12,parte,NOUN,Sg.,Abl.,f,NaN,NaN,NaN,NaN,pars
Sen_12,monte,NOUN,Sg.,Abl.,m,NaN,NaN,NaN,NaN,mons
Sen_12,Iura,NOUN,Sg.,Abl.,f,NaN,NaN,NaN,NaN,Iura
Sen_12,altissimo,ADJ,Sg.,Abl.,m,NaN,NaN,NaN,NaN,altus
Sen_12,",",PUNCT,NaN,NaN,NaN,NaN,NaN,NaN,NaN,","
Sen_12,qui,PRON,Sg.,Nom.,m,NaN,NaN,NaN,NaN,qui
Sen_12,est,VERB,Sg.,NaN,NaN,3,Praes.,act.,ind.,sum
Sen_12,inter,PREP,NaN,NaN,NaN,NaN,NaN,NaN,NaN,inter
Sen_12,Sequanos,NOUN,Pl.,Acc.,m,NaN,NaN,NaN,NaN,Sequani
Sen_12,et,CONJ,NaN,NaN,NaN,NaN,NaN,NaN,NaN,et
Sen_12,Helvetios;,NOUN,Pl.,Acc.,m,NaN,NaN,NaN,NaN,Helvetii
Sen_12,tertia,ADJ,Sg.,Abl.,f,NaN,NaN,NaN,NaN,tertius
Sen_12,lacu,NOUN,Sg.,Abl.,m,NaN,NaN,NaN,NaN,lacus
Sen_12,Lemanno,ADJ,Sg.,Abl.,m,NaN,NaN,NaN,NaN,Lemanus
Sen_12,et,CONJ,NaN,NaN,NaN,NaN,NaN,NaN,NaN,et
Sen_12,flumine,NOUN,Sg.,Abl.,n,NaN,NaN,NaN,NaN,flumen
Sen_12,Rhodano,NOUN,Sg.,Abl.,m,NaN,NaN,NaN,NaN,Rhodanus
Sen_12,",",PUNCT,NaN,NaN,NaN,NaN,NaN,NaN,NaN,","
Sen_12,qui,PRON,Sg.,Nom.,m,NaN,NaN,NaN,NaN,qui
Sen_12,provinciam,NOUN,Sg.,Acc.,f,NaN,NaN,NaN,NaN,provincia
Sen_12,nostram,PRON,Sg.,Acc.,f,NaN,NaN,NaN,NaN,noster
Sen_12,ab,PREP,NaN,NaN,NaN,NaN,NaN,NaN,NaN,ab
Sen_12,Helvetiis,NOUN,Pl.,Abl.,m,NaN,NaN,NaN,NaN,Helvetii
Sen_12,dividit,VERB,Sg.,NaN,NaN,3,Praes.,act.,ind.,divido
Sen_12,.,PUNCT,NaN,NaN,NaN,NaN,NaN,NaN,NaN,.
Sen_13,His,PRON,Pl.,Abl.,f,NaN,NaN,NaN,NaN,hic
Sen_13,rebus,NOUN,Pl.,Abl.,f,NaN,NaN,NaN,NaN,res
Sen_13,fiebat,VERB,Sg.,NaN,NaN,3,Imp.,pass.,ind.,fio
Sen_13,ut,CONJ,NaN,NaN,NaN,NaN,NaN,NaN,NaN,ut
Sen_13,et,CONJ,NaN,NaN,NaN,NaN,NaN,NaN,NaN,et
Sen_13,minus,ADV,NaN,NaN,NaN,NaN,NaN,NaN,NaN,minus
Sen_13,late,ADV,NaN,NaN,NaN,NaN,NaN,NaN,NaN,late
Sen_13,vagarentur,VERB,Pl.,NaN,NaN,3,Imp.,pass.,subj.,vagor
Sen_13,et,CONJ,NaN,NaN,NaN,NaN,NaN,NaN,NaN,et
Sen_13,minus,ADV,NaN,NaN,NaN,NaN,NaN,NaN,NaN,minus
Sen_13,facile,ADV,NaN,NaN,NaN,NaN,NaN,NaN,NaN,facile
Sen_13,finitimis,ADJ,Pl.,Dat.,m,NaN,NaN,NaN,NaN,finitimus
Sen_13,bellum,NOUN,Sg.,Acc.,n,NaN,NaN,NaN,NaN,bellum
Sen_13,inferre,VERB,NaN,NaN,NaN,NaN,Praes.,act.,inf.,infero
Sen_13,possent,VERB,Pl.,NaN,NaN,3,Imp.,act.,subj.,possum
Sen_13,:,PUNCT,NaN,NaN,NaN,NaN,NaN,NaN,NaN,:
Sen_13,qua,PRON,Sg.,Abl.,f,NaN,NaN,NaN,NaN,qui
Sen_13,ex,PREP,NaN,NaN,NaN,NaN,NaN,NaN,NaN,ex
Sen_13,parte,NOUN,Sg.,Abl.,f,NaN,NaN,NaN,NaN,pars
Sen_13,homines,NOUN,Pl.,Nom.,m,NaN,NaN,NaN,NaN,homo
Sen_13,bellandi,VERB,NaN,Gen.,n,NaN,NaN,NaN,ger.,bello
Sen_13,cupidi,ADJ,Pl.,Nom.,m,NaN,NaN,NaN,NaN,cupidus
Sen_13,magno,ADJ,Sg.,Abl.,n,NaN,NaN,NaN,NaN,magnus
Sen_13,dolore,NOUN,Sg.,Abl.,m,NaN,NaN,NaN,NaN,dolor
Sen_13,adficiebantur,VERB,Pl.,NaN,NaN,3,Imp.,pass.,ind.,afficio
Sen_13,.,PUNCT,NaN,NaN,NaN,NaN,NaN,NaN,NaN,.
Sen_14,Pro,PREP,NaN,NaN,NaN,NaN,NaN,NaN,NaN,pro
Sen_14,multitudine,NOUN,Sg.,Abl.,f,NaN,NaN,NaN,NaN,multitudo
Sen_14,autem,CONJ,NaN,NaN,NaN,NaN,NaN,NaN,NaN,autem
Sen_14,hominum,NOUN,Pl.,Gen.,m,NaN,NaN,NaN,NaN,homo
Sen_14,et,CONJ,NaN,NaN,NaN,NaN,NaN,NaN,NaN,et
Sen_14,pro,PREP,NaN,NaN,NaN,NaN,NaN,NaN,NaN,pro
Sen_14,gloria,NOUN,Sg.,Abl.,f,NaN,NaN,NaN,NaN,gloria
Sen_14,belli,NOUN,Sg.,Gen.,n,NaN,NaN,NaN,NaN,bellum
Sen_14,atque,CONJ,NaN,NaN,NaN,NaN,NaN,NaN,NaN,atque
Sen_14,fortitudinis,NOUN,Sg.,Gen.,f,NaN,NaN,NaN,NaN,fortitudo
Sen_14,angustos,ADJ,Pl.,Acc.,m,NaN,NaN,NaN,NaN,angustus
Sen_14,se,PRON,Pl.,Acc.,m,NaN,NaN,NaN,NaN,sui
Sen_14,fines,NOUN,Pl.,Acc.,m,NaN,NaN,NaN,NaN,finis
Sen_14,habere,VERB,NaN,NaN,NaN,NaN,Praes.,act.,inf.,habeo
Sen_14,arbitrabantur,VERB,Pl.,NaN,NaN,3,Imp.,dep.,ind.,arbitror
Sen_14,",",PUNCT,NaN,NaN,NaN,NaN,NaN,NaN,NaN,","
Sen_14,qui,PRON,Pl.,Nom.,m,NaN,NaN,NaN,NaN,qui
Sen_14,in,PREP,NaN,NaN,NaN,NaN,NaN,NaN,NaN,in
Sen_14,longitudinem,NOUN,Sg.,Acc.,f,NaN,NaN,NaN,NaN,longitudo
Sen_14,milia,NOUN,Pl.,Acc.,n,NaN,NaN,NaN,NaN,mille
Sen_14,passuum,NOUN,Pl.,Gen.,m,NaN,NaN,NaN,NaN,passus
Sen_14,CCXl,NUM,NaN,NaN,NaN,NaN,NaN,NaN,NaN,CCXL
Sen_14,",",PUNCT,NaN,NaN,NaN,NaN,NaN,NaN,NaN,","
Sen_14,in,PREP,NaN,NaN,NaN,NaN,NaN,NaN,NaN,in
Sen_14,latitudinem,NOUN,Sg.,Acc.,f,NaN,NaN,NaN,NaN,latitudo
Sen_14,CLXXX,NUM,NaN,NaN,NaN,NaN,NaN,NaN,NaN,CLXXX
Sen_14,patebant,VERB,Pl.,NaN,NaN,3,Imp.,act.,ind.,pateo
Sen_14,.,PUNCT,NaN,NaN,NaN,NaN,NaN,NaN,NaN,.
Sen_15,His,PRON,Pl.,Abl.,f,NaN,NaN,NaN,NaN,hic
Sen_15,rebus,NOUN,Pl.,Abl.,f,NaN,NaN,NaN,NaN,res
Sen_15,adducti,VERB,Pl.,Nom.,m,NaN,Perf.,pass.,part.,adduco
Sen_15,et,CONJ,NaN,NaN,NaN,NaN,NaN,NaN,NaN,et
Sen_15,auctoritate,NOUN,Sg.,Abl.,f,NaN,NaN,NaN,NaN,auctoritas
Sen_15,Orgetorigis,NOUN,Sg.,Gen.,m,NaN,NaN,NaN,NaN,Orgetorix
Sen_15,permoti,VERB,Pl.,Nom.,m,NaN,Perf.,pass.,part.,permoveo
Sen_15,",",PUNCT,NaN,NaN,NaN,NaN,NaN,NaN,NaN,","
Sen_15,constituerunt,VERB,Pl.,NaN,NaN,3,Perf.,act.,ind.,constituo
Sen_15,ea,PRON,Pl.,Acc.,n,NaN,NaN,NaN,NaN,is
Sen_15,quae,PRON,Pl.,Nom.,n,NaN,NaN,NaN,NaN,qui
Sen_15,ad,PREP,NaN,NaN,NaN,NaN,NaN,NaN,NaN,ad
Sen_15,proficiscendum,VERB,NaN,Acc.,n,NaN,NaN,NaN,ger.,proficiscor
Sen_15,pertinerent,VERB,Pl.,NaN,NaN,3,Imp.,act.,subj.,pertineo
Sen_15,comparare,VERB,NaN,NaN,NaN,NaN,Praes.,act.,inf.,comparo
Sen_15,",",PUNCT,NaN,NaN,NaN,NaN,NaN,NaN,NaN,","
Sen_15,iumentorum,NOUN,Pl.,Gen.,n,NaN,NaN,NaN,NaN,iumentum
Sen_15,et,CONJ,NaN,NaN,NaN,NaN,NaN,NaN,NaN,et
Sen_15,carrorum,NOUN,Pl.,Gen.,m,NaN,NaN,NaN,NaN,carrus
Sen_15,quam,ADV,NaN,NaN,NaN,NaN,NaN,NaN,NaN,quam
Sen_15,maximum,ADJ,Sg.,Acc.,m,NaN,NaN,NaN,NaN,maximus
Sen_15,numerum,NOUN,Sg.,Acc.,m,NaN,NaN,NaN,NaN,numerus
Sen_15,coemere,VERB,NaN,NaN,NaN,NaN,Praes.,act.,inf.,coemo
Sen_15,",",PUNCT,NaN,NaN,NaN,NaN,NaN,NaN,NaN,","
Sen_15,sementes,NOUN,Pl.,Acc.,f,NaN,NaN,NaN,NaN,sementis
Sen_15,quam,ADV,NaN,NaN,NaN,NaN,NaN,NaN,NaN,quam
Sen_15,maximas,ADJ,Pl.,Acc.,f,NaN,NaN,NaN,NaN,maximus
Sen_15,facere,VERB,NaN,NaN,NaN,NaN,Praes.,act.,inf.,facio
Sen_15,ut,CONJ,NaN,NaN,NaN,NaN,NaN,NaN,NaN,ut
Sen_15,in,PREP,NaN,NaN,NaN,NaN,NaN,NaN,NaN,in
Sen_15,itinere,NOUN,Sg.,Abl.,n,NaN,NaN,NaN,NaN,iter
Sen_15,copia,NOUN,Sg.,Nom.,f,NaN,NaN,NaN,NaN,copia
Sen_15,frumenti,NOUN,Sg.,Gen.,n,NaN,NaN,NaN,NaN,frumentum
Sen_15,suppeteret,VERB,Sg.,NaN,NaN,3,Imp.,act.,subj.,suppeto
Sen_15,",",PUNCT,NaN,NaN,NaN,NaN,NaN,NaN,NaN,","
Sen_15,cum,PREP,NaN,NaN,NaN,NaN,NaN,NaN,NaN,cum
Sen_15,proximis,ADJ,Pl.,Abl.,f,NaN,NaN,NaN,NaN,proximus
Sen_15,civitatibus,NOUN,Pl.,Abl.,f,NaN,NaN,NaN,NaN,civitas
Sen_15,pacem,NOUN,Sg.,Acc.,f,NaN,NaN,NaN,NaN,pax
Sen_15,et,CONJ,NaN,NaN,NaN,NaN,NaN,NaN,NaN,et
Sen_15,amitiam,NOUN,Sg.,Acc.,f,NaN,NaN,NaN,NaN,amicitia
Sen_15,confirmare,VERB,NaN,NaN,NaN,NaN,Praes.,act.,inf.,confirmo
Sen_15,.,PUNCT,NaN,NaN,NaN,NaN,NaN,NaN,NaN,.
Sen_16,Ad,PREP,NaN,NaN,NaN,NaN,NaN,NaN,NaN,ad
Sen_16,eas,PRON,Pl.,Acc.,f,NaN,NaN,NaN,NaN,is
Sen_16,res,NOUN,Pl.,Acc.,f,NaN,NaN,NaN,NaN,res
Sen_16,cnficiendas,VERB,Pl.,Acc.,f,NaN,NaN,NaN,gdv.,conficio
Sen_16,Orgetorix,NOUN,Sg.,Nom.,m,NaN,NaN,NaN,NaN,Orgetorix
Sen_16,deligitur,VERB,Sg.,NaN,NaN,3,Praes.,pass.,ind.,deligo
Sen_16,.,PUNCT,NaN,NaN,NaN,NaN,NaN,NaN,NaN,.
Sen_17,Is,PRON,Sg.,Nom.,m,NaN,NaN,NaN,NaN,is
Sen_17,sibi,PRON,Sg.,Dat.,m,NaN,NaN,NaN,NaN,sui
Sen_17,legationem,NOUN,Sg.,Acc.,f,NaN,NaN,NaN,NaN,legatio
Sen_17,ad,PREP,NaN,NaN,NaN,NaN,NaN,NaN,NaN,ad
Sen_17,civitates,NOUN,Pl.,Acc.,f,NaN,NaN,NaN,NaN,civitas
Sen_17,suscepit,VERB,Sg.,NaN,NaN,3,Perf.,act.,ind.,suscipio
Sen_17,.,PUNCT,NaN,NaN,NaN,NaN,NaN,NaN,NaN,.
Sen_18,In,PREP,NaN,NaN,NaN,NaN,NaN,NaN,NaN,in
Sen_18,eo,PRON,Sg.,Abl.,n,NaN,NaN,NaN,NaN,is
Sen_18,itinere,NOUN,Sg.,Abl.,n,NaN,NaN,NaN,NaN,iter
Sen_18,persuadet,VERB,Sg.,NaN,NaN,3,Praes.,act.,ind.,persuadeo
Sen_18,Castico,NOUN,Sg.,Dat.,m,NaN,NaN,NaN,NaN,Casticus
Sen_18,",",PUNCT,NaN,NaN,NaN,NaN,NaN,NaN,NaN,","
Sen_18,Catamantaledis,NOUN,Sg.,Gen.,m,NaN,NaN,NaN,NaN,Catamantaledis
Sen_18,filio,NOUN,Sg.,Dat.,m,NaN,NaN,NaN,NaN,filius
Sen_18,",",PUNCT,NaN,NaN,NaN,NaN,NaN,NaN,NaN,","
Sen_18,Sequano,NOUN,Sg.,Dat.,m,NaN,NaN,NaN,NaN,Sequanus
Sen_18,",",PUNCT,NaN,NaN,NaN,NaN,NaN,NaN,NaN,","
Sen_18,cuius,PRON,Sg.,Gen.,m,NaN,NaN,NaN,NaN,qui
Sen_18,pater,NOUN,Sg.,Nom.,m,NaN,NaN,NaN,NaN,pater
Sen_18,regnum,NOUN,Sg.,Acc.,n,NaN,NaN,NaN,NaN,regnum
Sen_18,in,PREP,NaN,NaN,NaN,NaN,NaN,NaN,NaN,in
Sen_18,Sequanis,NOUN,Pl.,Abl.,m,NaN,NaN,NaN,NaN,Sequani
Sen_18,multus,ADJ,Pl.,Acc.,m,NaN,NaN,NaN,NaN,multus
Sen_18,annos,NOUN,Pl.,Acc.,m,NaN,NaN,NaN,NaN,annus
Sen_18,obtinuerat,VERB,Sg.,NaN,NaN,3,Plupf.,act.,ind.,obtineo
Sen_18,",",PUNCT,NaN,NaN,NaN,NaN,NaN,NaN,NaN,","
Sen_18,et,CONJ,NaN,NaN,NaN,NaN,NaN,NaN,NaN,et
Sen_18,a,PREP,NaN,NaN,NaN,NaN,NaN,NaN,NaN,a
Sen_18,senatu,NOUN,Sg.,Abl.,m,NaN,NaN,NaN,NaN,senatus
Sen_18,Populi,NOUN,Sg.,Gen.,m,NaN,NaN,NaN,NaN,populus
Sen_18,Romani,ADJ,Sg.,Gen.,m,NaN,NaN,NaN,NaN,Romanus
Sen_18,amicus,NOUN,Sg.,Nom.,m,NaN,NaN,NaN,NaN,amicus
Sen_18,appellatus,VERB,Sg.,Nom.,m,NaN,Perf.,pass.,part.,appello
Sen_18,erat,VERB,Sg.,NaN,NaN,3,Plupf.,act.,ind.,sum
Sen_18,",",PUNCT,NaN,NaN,NaN,NaN,NaN,NaN,NaN,","
Sen_18,ut,CONJ,NaN,NaN,NaN,NaN,NaN,NaN,NaN,ut
Sen_18,regnum,NOUN,Sg.,Acc.,n,NaN,NaN,NaN,NaN,regnum
Sen_18,in,PREP,NaN,NaN,NaN,NaN,NaN,NaN,NaN,in
Sen_18,civitate,NOUN,Sg.,Abl.,f,NaN,NaN,NaN,NaN,civitas
Sen_18,sua,PRON,Sg.,Abl.,f,NaN,NaN,NaN,NaN,suus
Sen_18,occuparet,VERB,Sg.,NaN,NaN,3,Imp.,act.,subj.,occupo
Sen_18,",",PUNCT,NaN,NaN,NaN,NaN,NaN,NaN,NaN,","
Sen_18,quod,PRON,Sg.,Acc.,n,NaN,NaN,NaN,NaN,qui
Sen_18,pater,NOUN,Sg.,Nom.,m,NaN,NaN,NaN,NaN,pater
Sen_18,ante,ADV,NaN,NaN,NaN,NaN,NaN,NaN,NaN,ante
Sen_18,habuerat,VERB,Sg.,NaN,NaN,3,Plupf.,act.,ind.,habeo
Sen_18,;,PUNCT,NaN,NaN,NaN,NaN,NaN,NaN,NaN,;
Sen_18,itemque,ADV,NaN,NaN,NaN,NaN,NaN,NaN,NaN,itemque
Sen_18,Dumorigi,NOUN,Sg.,Dat.,m,NaN,NaN,NaN,NaN,Dumnorix
Sen_18,Aeduo,NOUN,Sg.,Dat.,m,NaN,NaN,NaN,NaN,Aedui
Sen_18,",",PUNCT,NaN,NaN,NaN,NaN,NaN,NaN,NaN,","
Sen_18,fratri,NOUN,Sg.,Dat.,m,NaN,NaN,NaN,NaN,frater
Sen_18,Divitiaci,NOUN,Sg.,Gen.,m,NaN,NaN,NaN,NaN,Divitiacus
Sen_18,",",PUNCT,NaN,NaN,NaN,NaN,NaN,NaN,NaN,","
Sen_18,qui,PRON,Sg.,Nom.,m,NaN,NaN,NaN,NaN,qui
Sen_18,eo,PRON,Sg.,Abl.,n,NaN,NaN,NaN,NaN,is
Sen_18,tempore,NOUN,Sg.,Abl.,n,NaN,NaN,NaN,NaN,tempus
Sen_18,principatum,NOUN,Sg.,Acc.,m,NaN,NaN,NaN,NaN,principatus
Sen_18,in,PREP,NaN,NaN,NaN,NaN,NaN,NaN,NaN,in
Sen_18,civitate,NOUN,Sg.,Abl.,f,NaN,NaN,NaN,NaN,civitas
Sen_18,obtinebat,VERB,Sg.,NaN,NaN,3,Imp.,act.,ind.,obtineo
Sen_18,",",PUNCT,NaN,NaN,NaN,NaN,NaN,NaN,NaN,","
Sen_18,ac,CONJ,NaN,NaN,NaN,NaN,NaN,NaN,NaN,ac
Sen_18,maxime,ADV,NaN,NaN,NaN,NaN,NaN,NaN,NaN,maxime
Sen_18,plebi,NOUN,Sg.,Dat.,f,NaN,NaN,NaN,NaN,plebs
Sen_18,acceptus,VERB,Sg.,Nom.,m,NaN,Perf.,pass.,part.,accipio
Sen_18,erat,VERB,Sg.,NaN,NaN,3,Plupf.,act.,ind.,sum
Sen_18,",",PUNCT,NaN,NaN,NaN,NaN,NaN,NaN,NaN,","
Sen_18,ut,CONJ,NaN,NaN,NaN,NaN,NaN,NaN,NaN,ut
Sen_18,idem,PRON,Sg.,Nom.,n,NaN,NaN,NaN,NaN,idem
Sen_18,conaretur,VERB,Sg.,NaN,NaN,3,Imp.,dep.,subj.,conor
Sen_18,persuadet,VERB,Sg.,NaN,NaN,3,Praes.,act.,ind.,persuadeo
Sen_18,",",PUNCT,NaN,NaN,NaN,NaN,NaN,NaN,NaN,","
Sen_18,eique,PRON,Sg.,Dat.,m,NaN,NaN,NaN,NaN,is
Sen_18,filiam,NOUN,Sg.,Acc.,f,NaN,NaN,NaN,NaN,filia
Sen_18,suam,PRON,Sg.,Acc.,f,NaN,NaN,NaN,NaN,suus
Sen_18,in,PREP,NaN,NaN,NaN,NaN,NaN,NaN,NaN,in
Sen_18,matrimonium,NOUN,Sg.,Acc.,n,NaN,NaN,NaN,NaN,matrimonium
Sen_18,dat,VERB,Sg.,NaN,NaN,3,Praes.,act.,ind.,do
Sen_18,.,PUNCT,NaN,NaN,NaN,NaN,NaN,NaN,NaN,.
Sen_19,Perfacile,ADJ,Sg.,Nom.,n,NaN,NaN,NaN,NaN,perfacilis
Sen_19,factu,VERB,NaN,Abl.,n,NaN,NaN,NaN,sup.,facio
Sen_19,esse,VERB,NaN,NaN,NaN,NaN,Praes.,act.,inf.,sum
Sen_19,",",PUNCT,NaN,NaN,NaN,NaN,NaN,NaN,NaN,","
Sen_19,illis,PRON,Pl.,Dat.,m,NaN,NaN,NaN,NaN,ille
Sen_19,probat,VERB,Sg.,NaN,NaN,3,Praes.,act.,ind.,probo
Sen_19,",",PUNCT,NaN,NaN,NaN,NaN,NaN,NaN,NaN,","
Sen_19,conata,VERB,Pl.,Nom.,n,NaN,Perf.,dep.,part.,conor
Sen_19,perficere,VERB,NaN,NaN,NaN,NaN,Praes.,act.,inf.,perficio
Sen_19,",",PUNCT,NaN,NaN,NaN,NaN,NaN,NaN,NaN,","
Sen_19,propterea,ADV,NaN,NaN,NaN,NaN,NaN,NaN,NaN,propterea
Sen_19,quod,CONJ,NaN,NaN,NaN,NaN,NaN,NaN,NaN,quod
Sen_19,ipse,PRON,Sg.,Nom.,m,NaN,NaN,NaN,NaN,ipse
Sen_19,suae,PRON,Sg.,Gen.,f,NaN,NaN,NaN,NaN,suus
Sen_19,civitatis,NOUN,Sg.,Gen.,f,NaN,NaN,NaN,NaN,civitas
Sen_19,imperium,NOUN,Sg.,Acc.,n,NaN,NaN,NaN,NaN,imperium
Sen_19,obtenturus,VERB,Sg.,Nom.,m,NaN,Fut.,act.,part.,obtineo
Sen_19,esset,VERB,Sg.,NaN,NaN,3,Imp.,act.,subj.,sum
Sen_19,:,PUNCT,NaN,NaN,NaN,NaN,NaN,NaN,NaN,:
Sen_19,non,ADV,NaN,NaN,NaN,NaN,NaN,NaN,NaN,non
Sen_19,esse,VERB,NaN,NaN,NaN,NaN,Praes.,act.,inf.,sum
Sen_19,dubium,ADJ,Sg.,Nom.,n,NaN,NaN,NaN,NaN,dubius
Sen_19,",",PUNCT,NaN,NaN,NaN,NaN,NaN,NaN,NaN,","
Sen_19,quin,CONJ,NaN,NaN,NaN,NaN,NaN,NaN,NaN,quin
Sen_19,totius,ADJ,Sg.,Gen.,f,NaN,NaN,NaN,NaN,totus
Sen_19,Galliae,NOUN,Sg.,Gen.,f,NaN,NaN,NaN,NaN,Gallia
Sen_19,plurimum,ADV,NaN,NaN,NaN,NaN,NaN,NaN,NaN,plurimum
Sen_19,Helvetii,NOUN,Pl.,Nom.,m,NaN,NaN,NaN,NaN,Helvetii
Sen_19,possent,VERB,Pl.,NaN,NaN,3,Imp.,act.,subj.,possum
Sen_19,:,PUNCT,NaN,NaN,NaN,NaN,NaN,NaN,NaN,:
Sen_19,se,PRON,Sg.,Acc.,m,NaN,NaN,NaN,NaN,sui
Sen_19,suis,PRON,Pl.,Abl.,f,NaN,NaN,NaN,NaN,suus
Sen_19,copiis,NOUN,Pl.,Abl.,f,NaN,NaN,NaN,NaN,copia
Sen_19,suoque,PRON,Sg.,Abl.,n,NaN,NaN,NaN,NaN,suus
Sen_19,exercitu,NOUN,Sg.,Abl.,m,NaN,NaN,NaN,NaN,exercitus
Sen_19,illis,PRON,Pl.,Dat.,m,NaN,NaN,NaN,NaN,ille
Sen_19,regna,NOUN,Pl.,Acc.,n,NaN,NaN,NaN,NaN,regnum
Sen_19,conciliaturum,VERB,Sg.,Acc.,m,NaN,Fut.,act.,part.,concilio
Sen_19,",",PUNCT,NaN,NaN,NaN,NaN,NaN,NaN,NaN,","
Sen_19,cunfirmat,VERB,Sg.,NaN,NaN,3,Praes.,act.,ind.,confirmo
Sen_19,.,PUNCT,NaN,NaN,NaN,NaN,NaN,NaN,NaN,.
Sen_20,Hac,PRON,Sg.,Abl.,f,NaN,NaN,NaN,NaN,hic
Sen_20,oratione,NOUN,Sg.,Abl.,f,NaN,NaN,NaN,NaN,oratio
Sen_20,adducti,VERB,Pl.,Nom.,m,NaN,Perf.,pass.,part.,adduco
Sen_20,",",PUNCT,NaN,NaN,NaN,NaN,NaN,NaN,NaN,","
Sen_20,inter,PREP,NaN,NaN,NaN,NaN,NaN,NaN,NaN,inter
Sen_20,se,PRON,Pl.,Acc.,m,NaN,NaN,NaN,NaN,sui
Sen_20,fidem,NOUN,Sg.,Acc.,f,NaN,NaN,NaN,NaN,fides
Sen_20,et,CONJ,NaN,NaN,NaN,NaN,NaN,NaN,NaN,et
Sen_20,ius,NOUN,Sg.,Acc.,n,NaN,NaN,NaN,NaN,ius
Sen_20,iurandum,VERB,Sg.,Acc.,n,NaN,NaN,NaN,ger.,iuro
Sen_20,dant,VERB,Pl.,NaN,NaN,3,Praes.,act.,ind.,do
Sen_20,",",PUNCT,NaN,NaN,NaN,NaN,NaN,NaN,NaN,","
Sen_20,et,CONJ,NaN,NaN,NaN,NaN,NaN,NaN,NaN,et
Sen_20,",",PUNCT,NaN,NaN,NaN,NaN,NaN,NaN,NaN,","
Sen_20,regno,NOUN,Sg.,Abl.,n,NaN,NaN,NaN,NaN,regnum
Sen_20,occupato,VERB,Sg.,Abl.,n,NaN,Perf.,pass.,part.,occupo
Sen_20,",",PUNCT,NaN,NaN,NaN,NaN,NaN,NaN,NaN,","
Sen_20,per,PREP,NaN,NaN,NaN,NaN,NaN,NaN,NaN,per
Sen_20,tres,NUM,Pl.,Acc.,m,NaN,NaN,NaN,NaN,tres
Sen_20,potemtissimos,ADJ,Pl.,Acc.,m,NaN,NaN,NaN,NaN,potens
Sen_20,ac,CONJ,NaN,NaN,NaN,NaN,NaN,NaN,NaN,ac
Sen_20,firmissimos,ADJ,Pl.,Acc.,m,NaN,NaN,NaN,NaN,firmus
Sen_20,populos,NOUN,Pl.,Acc.,m,NaN,NaN,NaN,NaN,populus
Sen_20,totius,ADJ,Sg.,Gen.,f,NaN,NaN,NaN,NaN,totus
Sen_20,Galliae,NOUN,Sg.,Gen.,f,NaN,NaN,NaN,NaN,Gallia
Sen_20,sese,PRON,Pl.,Acc.,m,NaN,NaN,NaN,NaN,sui
Sen_20,potiri,VERB,NaN,NaN,NaN,NaN,Praes.,dep.,inf.,potior
Sen_20,posse,VERB,NaN,NaN,NaN,NaN,Praes.,act.,inf.,possum
Sen_20,sperant,VERB,Pl.,NaN,NaN,3,Praes.,act.,ind.,spero
Sen_20,.,PUNCT,NaN,NaN,NaN,NaN,NaN,NaN,NaN,.
Sen_21,Ea,PRON,Sg.,Nom.,f,NaN,NaN,NaN,NaN,is
Sen_21,res,NOUN,Sg.,Nom.,f,NaN,NaN,NaN,NaN,res
Sen_21,ut,CONJ,NaN,NaN,NaN,NaN,NaN,NaN,NaN,u
Sen_21,est,VERB,Sg.,NaN,NaN,3,Praes.,act.,ind.,sum
Sen_21,Helvetiis,NOUN,Pl.,Dat.,m,NaN,NaN,NaN,NaN,Helvetii
Sen_21,per,PREP,NaN,NaN,NaN,NaN,NaN,NaN,NaN,per
Sen_21,indicium,NOUN,Sg.,Acc.,n,NaN,NaN,NaN,NaN,indicium
Sen_21,enunciata,VERB,Sg.,Nom.,f,NaN,Perf.,pass.,part.,enuntio
Sen_21,",",PUNCT,NaN,NaN,NaN,NaN,NaN,NaN,NaN,","
Sen_21,moribus,NOUN,Pl.,Abl.,m,NaN,NaN,NaN,NaN,mos
Sen_21,suis,PRON,Pl.,Abl.,m,NaN,NaN,NaN,NaN,suus
Sen_21,Orgetorigem,NOUN,Sg.,Acc.,m,NaN,NaN,NaN,NaN,Orgetorix
Sen_21,ex,PREP,NaN,NaN,NaN,NaN,NaN,NaN,NaN,ex
Sen_21,vinculis,NOUN,Pl.,Abl.,n,NaN,NaN,NaN,NaN,vinculum
Sen_21,causam,NOUN,Sg.,Acc.,f,NaN,NaN,NaN,NaN,causa
Sen_21,dicere,VERB,NaN,NaN,NaN,NaN,Praes.,act.,inf.,dico
Sen_21,coegerunt,VERB,Pl.,NaN,NaN,3,Perf.,act.,ind.,cogo
Sen_21,:,PUNCT,NaN,NaN,NaN,NaN,NaN,NaN,NaN,:
Sen_21,damnatum,VERB,Sg.,Acc.,m,NaN,Perf.,pass.,part.,damno
Sen_21,poenam,NOUN,Sg.,Acc.,f,NaN,NaN,NaN,NaN,poena
Sen_21,sequi,VERB,NaN,NaN,NaN,NaN,Praes.,act.,inf.,sequor
Sen_21,oportebat,VERB,Sg.,NaN,NaN,3,Imp.,act.,ind.,oportet
Sen_21,",",PUNCT,NaN,NaN,NaN,NaN,NaN,NaN,NaN,","
Sen_21,ut,CONJ,NaN,NaN,NaN,NaN,NaN,NaN,NaN,ut
Sen_21,idgni,NOUN,Sg.,Dat.,m,NaN,NaN,NaN,NaN,ignis
Sen_21,cremaretur,VERB,Sg.,NaN,NaN,3,Imp.,pass.,subj.,cremo
Sen_21,.,PUNCT,NaN,NaN,NaN,NaN,NaN,NaN,NaN,.
Sen_22,Die,NOUN,Sg.,Abl.,f,NaN,NaN,NaN,NaN,dies
Sen_22,constituta,VERB,Sg.,Abl.,f,NaN,Perf.,pass.,part.,constituo
Sen_22,causae,NOUN,Sg.,Gen.,f,NaN,NaN,NaN,NaN,causa
Sen_22,dictionis,NOUN,Sg.,Gen.,f,NaN,NaN,NaN,NaN,dictio
Sen_22,",",PUNCT,NaN,NaN,NaN,NaN,NaN,NaN,NaN,","
Sen_22,Orgetorix,NOUN,Sg.,Nom.,m,NaN,NaN,NaN,NaN,Orgetorix
Sen_22,ad,PREP,NaN,NaN,NaN,NaN,NaN,NaN,NaN,ad
Sen_22,iudicium,NOUN,Sg.,Acc.,n,NaN,NaN,NaN,NaN,iudicium
Sen_22,omnem,ADJ,Sg.,Acc.,f,NaN,NaN,NaN,NaN,omnis
Sen_22,suam,PRON,Sg.,Acc.,f,NaN,NaN,NaN,NaN,suus
Sen_22,familiam,NOUN,Sg.,Acc.,f,NaN,NaN,NaN,NaN,familia
Sen_22,",",PUNCT,NaN,NaN,NaN,NaN,NaN,NaN,NaN,","
Sen_22,ad,PREP,NaN,NaN,NaN,NaN,NaN,NaN,NaN,ad
Sen_22,hominum,NOUN,Pl.,Gen.,m,NaN,NaN,NaN,NaN,homo
Sen_22,millia,NOUN,Pl.,Acc.,n,NaN,NaN,NaN,NaN,mille
Sen_22,decem,NUM,NaN,NaN,NaN,NaN,NaN,NaN,NaN,decem
Sen_22,",",PUNCT,NaN,NaN,NaN,NaN,NaN,NaN,NaN,","
Sen_22,undique,ADV,NaN,NaN,NaN,NaN,NaN,NaN,NaN,undique
Sen_22,coegit,VERB,Sg.,NaN,NaN,3,Perf.,act.,ind.,cogo
Sen_22,;,PUNCT,NaN,NaN,NaN,NaN,NaN,NaN,NaN,;
Sen_22,et,CONJ,NaN,NaN,NaN,NaN,NaN,NaN,NaN,et
Sen_22,onmes,PRON,Pl.,Acc.,m,NaN,NaN,NaN,NaN,omnis
Sen_22,clientes,NOUN,Pl.,Acc.,m,NaN,NaN,NaN,NaN,cliens
Sen_22,",",PUNCT,NaN,NaN,NaN,NaN,NaN,NaN,NaN,","
Sen_22,obaeratosque,ADJ,Pl.,Acc.,m,NaN,NaN,NaN,NaN,obaeratus
Sen_22,suos,PRON,Pl.,Acc.,m,NaN,NaN,NaN,NaN,suus
Sen_22,",",PUNCT,NaN,NaN,NaN,NaN,NaN,NaN,NaN,","
Sen_22,quorum,PRON,Pl.,Gen.,m,NaN,NaN,NaN,NaN,qui
Sen_22,magnum,ADJ,Sg.,Acc.,m,NaN,NaN,NaN,NaN,magnus
Sen_22,numerum,NOUN,Sg.,Acc.,m,NaN,NaN,NaN,NaN,numerus
Sen_22,habebat,VERB,Sg.,NaN,NaN,3,Imp.,act.,ind.,habeo
Sen_22,",",PUNCT,NaN,NaN,NaN,NaN,NaN,NaN,NaN,","
Sen_22,eodem,ADV,NaN,NaN,NaN,NaN,NaN,NaN,NaN,eodem
Sen_22,conduxit,VERB,Sg.,NaN,NaN,3,Perf.,act.,ind.,conduco
Sen_22,:,PUNCT,NaN,NaN,NaN,NaN,NaN,NaN,NaN,:
Sen_22,per,PREP,NaN,NaN,NaN,NaN,NaN,NaN,NaN,per
Sen_22,eos,PRON,Pl.,Acc.,m,NaN,NaN,NaN,NaN,is
Sen_22,",",PUNCT,NaN,NaN,NaN,NaN,NaN,NaN,NaN,","
Sen_22,ne,CONJ,NaN,NaN,NaN,NaN,NaN,NaN,NaN,ne
Sen_22,causam,NOUN,Sg.,Acc.,f,NaN,NaN,NaN,NaN,causa
Sen_22,diceret,VERB,Sg.,NaN,NaN,3,Imp.,act.,subj.,dico
Sen_22,",",PUNCT,NaN,NaN,NaN,NaN,NaN,NaN,NaN,","
Sen_22,se,PRON,Sg.,Acc.,m,NaN,NaN,NaN,NaN,sui
Sen_22,eripuit,VERB,Sg.,NaN,NaN,3,Perf.,act.,ind.,eripio
Sen_22,.,PUNCT,NaN,NaN,NaN,NaN,NaN,NaN,NaN,.
Sen_23,Cum,CONJ,NaN,NaN,NaN,NaN,NaN,NaN,NaN,cum
Sen_23,civitas,NOUN,Sg.,Nom.,f,NaN,NaN,NaN,NaN,civitas
Sen_23,",",PUNCT,NaN,NaN,NaN,NaN,NaN,NaN,NaN,","
Sen_23,ob,PREP,NaN,NaN,NaN,NaN,NaN,NaN,NaN,ob
Sen_23,eam,PRON,Sg.,Acc.,f,NaN,NaN,NaN,NaN,is
Sen_23,rem,NOUN,Sg.,Acc.,f,NaN,NaN,NaN,NaN,res
Sen_23,incitata,VERB,Sg.,Nom.,f,NaN,Perf.,pass.,part.,incito
Sen_23,",",PUNCT,NaN,NaN,NaN,NaN,NaN,NaN,NaN,","
Sen_23,armis,NOUN,Pl.,Abl.,n,NaN,NaN,NaN,NaN,arma
Sen_23,ius,NOUN,Sg.,Acc.,n,NaN,NaN,NaN,NaN,ius
Sen_23,suum,PRON,Sg.,Acc.,n,NaN,NaN,NaN,NaN,suus
Sen_23,exequi,VERB,NaN,NaN,NaN,NaN,Praes.,dep.,inf.,exequor
Sen_23,conaretur,VERB,Sg.,NaN,NaN,3,Imp.,dep.,subj.,conor
Sen_23,",",PUNCT,NaN,NaN,NaN,NaN,NaN,NaN,NaN,","
Sen_23,multitudinemque,NOUN,Sg.,Acc.,f,NaN,NaN,NaN,NaN,multitudo
Sen_23,hominum,NOUN,Pl.,Gen.,m,NaN,NaN,NaN,NaN,homo
Sen_23,ex,PREP,NaN,NaN,NaN,NaN,NaN,NaN,NaN,ex
Sen_23,agris,NOUN,Pl.,Abl.,m,NaN,NaN,NaN,NaN,ager
Sen_23,magistratus,NOUN,Pl.,Nom.,m,NaN,NaN,NaN,NaN,magistratus
Sen_23,cogerent,VERB,Pl.,NaN,NaN,3,Imp.,act.,subj.,cogo
Sen_23,",",PUNCT,NaN,NaN,NaN,NaN,NaN,NaN,NaN,","
Sen_23,Orgetorix,NOUN,Sg.,Nom.,m,NaN,NaN,NaN,NaN,Orgetorix
Sen_23,mortuus,VERB,Sg.,Nom.,m,NaN,Perf.,dep.,part.,morior
Sen_23,est,VERB,Sg.,NaN,NaN,3,Perf.,act.,ind.,sum
Sen_23,:,PUNCT,NaN,NaN,NaN,NaN,NaN,NaN,NaN,:
Sen_23,neque,CONJ,NaN,NaN,NaN,NaN,NaN,NaN,NaN,neque
Sen_23,abest,VERB,Sg.,NaN,NaN,3,Praes.,act.,ind.,absum
Sen_23,suspicio,NOUN,Sg.,Nom.,f,NaN,NaN,NaN,NaN,suspicio
Sen_23,",",PUNCT,NaN,NaN,NaN,NaN,NaN,NaN,NaN,","
Sen_23,ut,CONJ,NaN,NaN,NaN,NaN,NaN,NaN,NaN,ut
Sen_23,Helvetii,NOUN,Pl.,Nom.,m,NaN,NaN,NaN,NaN,Helvetii
Sen_23,arbitrantur,VERB,Pl.,NaN,NaN,3,Praes.,dep.,ind.,arbitror
Sen_23,quin,CONJ,NaN,NaN,NaN,NaN,NaN,NaN,NaN,quin
Sen_23,ipse,PRON,Sg.,Nom.,m,NaN,NaN,NaN,NaN,ipse
Sen_23,sibi,PRON,Sg.,Dat.,m,NaN,NaN,NaN,NaN,sui
Sen_23,mortem,NOUN,Sg.,Acc.,f,NaN,NaN,NaN,NaN,mors
Sen_23,consciverit,VERB,Sg.,NaN,NaN,3,Perf.,act.,subj.,conscisco
Sen_23,.,PUNCT,NaN,NaN,NaN,NaN,NaN,NaN,NaN,.
Sen_24,Post,PREP,NaN,NaN,NaN,NaN,NaN,NaN,NaN,post
Sen_24,eius,PRON,Sg.,Gen.,m,NaN,NaN,NaN,NaN,is
Sen_24,mortem,NOUN,Sg.,Acc.,f,NaN,NaN,NaN,NaN,mors
Sen_24,nihilo,NOUN,Sg.,Abl.,n,NaN,NaN,NaN,NaN,nihilum
Sen_24,minus,ADV,NaN,NaN,NaN,NaN,NaN,NaN,NaN,minus
Sen_24,Helvetii,NOUN,Pl.,Nom.,m,NaN,NaN,NaN,NaN,Helvetii
Sen_24,id,PRON,Sg.,Acc.,n,NaN,NaN,NaN,NaN,id
Sen_24,",",PUNCT,NaN,NaN,NaN,NaN,NaN,NaN,NaN,","
Sen_24,quod,PRON,Sg.,Acc.,n,NaN,NaN,NaN,NaN,qui
Sen_24,constituerant,VERB,Pl.,NaN,NaN,3,Plupf.,act.,ind.,constituo
Sen_24,",",PUNCT,NaN,NaN,NaN,NaN,NaN,NaN,NaN,","
Sen_24,facere,VERB,NaN,NaN,NaN,NaN,Praes.,act.,inf.,facio
Sen_24,conantur,VERB,Pl.,NaN,NaN,3,Praes.,dep.,ind.,conor
Sen_24,",",PUNCT,NaN,NaN,NaN,NaN,NaN,NaN,NaN,","
Sen_24,ut,CONJ,NaN,NaN,NaN,NaN,NaN,NaN,NaN,ut
Sen_24,e,PREP,NaN,NaN,NaN,NaN,NaN,NaN,NaN,e
Sen_24,finibus,NOUN,Pl.,Abl.,m,NaN,NaN,NaN,NaN,finis
Sen_24,suis,PRON,Pl.,Abl.,m,NaN,NaN,NaN,NaN,suus
Sen_24,exeant,VERB,Pl.,NaN,NaN,3,Praes.,act.,subj.,exeo
Sen_24,.,PUNCT,NaN,NaN,NaN,NaN,NaN,NaN,NaN,.
Sen_24,Ubi,ADV,NaN,NaN,NaN,NaN,NaN,NaN,NaN,ubi
Sen_24,iam,ADV,NaN,NaN,NaN,NaN,NaN,NaN,NaN,iam
Sen_24,se,PRON,Pl.,Acc.,m,NaN,NaN,NaN,NaN,sui
Sen_24,ad,PREP,NaN,NaN,NaN,NaN,NaN,NaN,NaN,ad
Sen_24,rem,NOUN,Sg.,Acc.,f,NaN,NaN,NaN,NaN,res
Sen_24,paratos,ADJ,Pl.,Acc.,m,NaN,NaN,NaN,NaN,paratus
Sen_24,esse,VERB,NaN,NaN,NaN,NaN,Praes.,act.,inf.,sum
Sen_24,arbitranti,VERB,Pl.,Nom.,m,NaN,Perf.,dep.,part.,arbitror
Sen_24,sunt,VERB,Pl.,NaN,NaN,3,Praes.,act.,ind.,sum
Sen_24,",",PUNCT,NaN,NaN,NaN,NaN,NaN,NaN,NaN,","
Sen_24,oppida,NOUN,Pl.,Acc.,n,NaN,NaN,NaN,NaN,oppidum
Sen_24,sua,PRON,Pl.,Acc.,n,NaN,NaN,NaN,NaN,suus
Sen_24,omnia,ADJ,Pl.,Acc.,n,NaN,NaN,NaN,NaN,omnis
Sen_24,",",PUNCT,NaN,NaN,NaN,NaN,NaN,NaN,NaN,","
Sen_24,numera,NOUN,Sg.,Abl.,m,NaN,NaN,NaN,NaN,numerus
Sen_24,ad,PREP,NaN,NaN,NaN,NaN,NaN,NaN,NaN,ad
Sen_24,duodecim,NUM,NaN,NaN,NaN,NaN,NaN,NaN,NaN,duodecim
Sen_24,",",PUNCT,NaN,NaN,NaN,NaN,NaN,NaN,NaN,","
Sen_24,vicos,NOUN,Pl.,Acc.,m,NaN,NaN,NaN,NaN,vicus
Sen_24,ad,PREP,NaN,NaN,NaN,NaN,NaN,NaN,NaN,ad
Sen_24,quadrigentos,NUM,NaN,NaN,NaN,NaN,NaN,NaN,NaN,quadringenti
Sen_24,",",PUNCT,NaN,NaN,NaN,NaN,NaN,NaN,NaN,","
Sen_24,reliqua,ADJ,Pl.,Acc.,n,NaN,NaN,NaN,NaN,reliquus
Sen_24,privata,ADJ,Pl.,Acc.,n,NaN,NaN,NaN,NaN,privatus
Sen_24,aedificia,NOUN,Pl.,Acc.,n,NaN,NaN,NaN,NaN,aedificium
Sen_24,incendunt,VERB,Pl.,NaN,NaN,3,Praes.,act.,ind.,incendo
Sen_24,;,PUNCT,NaN,NaN,NaN,NaN,NaN,NaN,NaN,;
Sen_24,frumentum,NOUN,Sg.,Acc.,n,NaN,NaN,NaN,NaN,frumentum
Sen_24,omne,ADJ,Sg.,Acc.,n,NaN,NaN,NaN,NaN,omnis
Sen_24,",",PUNCT,NaN,NaN,NaN,NaN,NaN,NaN,NaN,","
Sen_24,praeter,PREP,NaN,NaN,NaN,NaN,NaN,NaN,NaN,praeter
Sen_24,quod,PRON,Sg.,Acc.,n,NaN,NaN,NaN,NaN,qui
Sen_24,secum,ADV,NaN,NaN,NaN,NaN,NaN,NaN,NaN,secum
Sen_24,porturi,VERB,Pl.,Nom.,m,NaN,Fut.,act.,part.,porto
Sen_24,erant,VERB,Pl.,NaN,NaN,3,Imp.,act.,ind.,sum
Sen_24,",",PUNCT,NaN,NaN,NaN,NaN,NaN,NaN,NaN,","
Sen_24,ciomburunt,VERB,Pl.,NaN,NaN,3,Praes.,act.,ind.,comburo
Sen_24,;,PUNCT,NaN,NaN,NaN,NaN,NaN,NaN,NaN,;
Sen_24,ut,CONJ,NaN,NaN,NaN,NaN,NaN,NaN,NaN,ut
Sen_24,",",PUNCT,NaN,NaN,NaN,NaN,NaN,NaN,NaN,","
Sen_24,domum,NOUN,Sg.,Acc.,f,NaN,NaN,NaN,NaN,domus
Sen_24,redicionis,NOUN,Sg.,Gen.,f,NaN,NaN,NaN,NaN,reditio
Sen_24,spe,NOUN,Sg.,Abl.,f,NaN,NaN,NaN,NaN,spes
Sen_24,sublata,VERB,Sg.,Abl.,f,NaN,Perf.,pass.,part.,tollo
Sen_24,",",PUNCT,NaN,NaN,NaN,NaN,NaN,NaN,NaN,","
Sen_24,paratiores,ADJ,Pl.,Nom.,m,NaN,NaN,NaN,NaN,paratus
Sen_24,ad,PREP,NaN,NaN,NaN,NaN,NaN,NaN,NaN,ad
Sen_24,omnia,ADJ,Pl.,Acc.,n,NaN,NaN,NaN,NaN,omnis
Sen_24,pericula,NOUN,Pl.,Acc.,n,NaN,NaN,NaN,NaN,periculum
Sen_24,subeunda,VERB,Pl.,Acc.,n,NaN,NaN,NaN,gdv.,subeo
Sen_24,essent,VERB,Pl.,NaN,NaN,3,Imp.,act.,subj.,sum
Sen_24,:,PUNCT,NaN,NaN,NaN,NaN,NaN,NaN,NaN,:
Sen_24,trium,NUM,Pl.,Gen.,m,NaN,NaN,NaN,NaN,tres
Sen_24,mensium,NOUN,Pl.,Gen.,m,NaN,NaN,NaN,NaN,mensis
Sen_24,molita,VERB,Sg.,Nom.,n,NaN,Perf.,pass.,part.,molo
Sen_24,cibaria,NOUN,Pl.,Acc.,n,NaN,NaN,NaN,NaN,cibarium
Sen_24,sibi,PRON,Pl.,Dat.,m,NaN,NaN,NaN,NaN,sui
Sen_24,quemque,PRON,Sg.,Acc.,m,NaN,NaN,NaN,NaN,quisque
Sen_24,domo,NOUN,Sg.,Abl.,f,NaN,NaN,NaN,NaN,domus
Sen_24,efferre,VERB,NaN,NaN,NaN,NaN,Praes.,act.,inf.,effero
Sen_24,iubent,VERB,Pl.,NaN,NaN,3,Praes.,act.,ind.,iubeo
Sen_24,.,PUNCT,NaN,NaN,NaN,NaN,NaN,NaN,NaN,.
Sen_25,Persuadent,VERB,Pl.,NaN,NaN,3,Praes.,act.,ind.,persuadeo
Sen_25,Rauracis,NOUN,Pl.,Dat.,m,NaN,NaN,NaN,NaN,Rauraci
Sen_25,",",PUNCT,NaN,NaN,NaN,NaN,NaN,NaN,NaN,","
Sen_25,et,CONJ,NaN,NaN,NaN,NaN,NaN,NaN,NaN,et
Sen_25,Tulingis,NOUN,Pl.,Dat.,m,NaN,NaN,NaN,NaN,Tulingi
Sen_25,",",PUNCT,NaN,NaN,NaN,NaN,NaN,NaN,NaN,","
Sen_25,et,CONJ,NaN,NaN,NaN,NaN,NaN,NaN,NaN,et
Sen_25,Latobrigis,NOUN,Pl.,Dat.,m,NaN,NaN,NaN,NaN,Latobrigi
Sen_25,",",PUNCT,NaN,NaN,NaN,NaN,NaN,NaN,NaN,","
Sen_25,finitimis,ADJ,Pl.,Dat.,m,NaN,NaN,NaN,NaN,finitimus
Sen_25,",",PUNCT,NaN,NaN,NaN,NaN,NaN,NaN,NaN,","
Sen_25,uti,CONJ,NaN,NaN,NaN,NaN,NaN,NaN,NaN,uti
Sen_25,",",PUNCT,NaN,NaN,NaN,NaN,NaN,NaN,NaN,","
Sen_25,eodem,ADV,NaN,NaN,NaN,NaN,NaN,NaN,NaN,idem
Sen_25,usi,VERB,Pl.,Nom.,m,NaN,Perf.,dep.,part.,utor
Sen_25,consilio,NOUN,Sg.,Abl.,n,NaN,NaN,NaN,NaN,consilium
Sen_25,",",PUNCT,NaN,NaN,NaN,NaN,NaN,NaN,NaN,","
Sen_25,oppidis,NOUN,Pl.,Abl.,n,NaN,NaN,NaN,NaN,oppidum
Sen_25,suis,PRON,Pl.,Abl.,n,NaN,NaN,NaN,NaN,suus
Sen_25,vicisque,NOUN,Pl.,Abl.,f,NaN,NaN,NaN,NaN,vicus
Sen_25,exustis,VERB,Pl.,Abl.,f,NaN,Perf.,pass.,part.,exuro
Sen_25,",",PUNCT,NaN,NaN,NaN,NaN,NaN,NaN,NaN,","
Sen_25,una,ADV,NaN,NaN,NaN,NaN,NaN,NaN,NaN,una
Sen_25,cum,PREP,NaN,NaN,NaN,NaN,NaN,NaN,NaN,cum
Sen_25,iis,PRON,Pl.,Abl.,m,NaN,NaN,NaN,NaN,is
Sen_25,proficiscantur,VERB,Pl.,NaN,NaN,3,Praes.,dep.,subj.,proficiscor
Sen_25,:,PUNCT,NaN,NaN,NaN,NaN,NaN,NaN,NaN,:
Sen_25,Boiosque,NOUN,Pl.,Acc.,m,NaN,NaN,NaN,NaN,Boii
Sen_25,",",PUNCT,NaN,NaN,NaN,NaN,NaN,NaN,NaN,","
Sen_25,qui ,PRON,Pl.,Nom.,m,NaN,NaN,NaN,NaN,qui
Sen_25,trans,PREP,NaN,NaN,NaN,NaN,NaN,NaN,NaN,trans
Sen_25,Rhenum,NOUN,Sg.,Acc.,m,NaN,NaN,NaN,NaN,Rhenus
Sen_25,incoluerant,VERB,Pl.,NaN,NaN,3,Plupf.,act.,ind.,incolo
Sen_25,",",PUNCT,NaN,NaN,NaN,NaN,NaN,NaN,NaN,","
Sen_25,receptos,VERB,Pl.,Acc.,m,NaN,Perf.,pass.,part.,recipio
Sen_25,ad,PREP,NaN,NaN,NaN,NaN,NaN,NaN,NaN,ad
Sen_25,se,PRON,Pl.,Acc.,m,NaN,NaN,NaN,NaN,sui
Sen_25,",",PUNCT,NaN,NaN,NaN,NaN,NaN,NaN,NaN,","
Sen_25,socios,NOUN,Pl.,Acc.,m,NaN,NaN,NaN,NaN,socius
Sen_25,sibi,PRON,Pl.,Dat.,m,NaN,NaN,NaN,NaN,sui
Sen_25,adsciscunt,VERB,Pl.,NaN,NaN,3,Praes.,act.,ind.,adscisco
Sen_25,.,PUNCT,NaN,NaN,NaN,NaN,NaN,NaN,NaN,.
Sen_26,Erant,VERB,Pl.,NaN,NaN,3,Imp.,act.,ind.,sum
Sen_26,omnino,ADV,NaN,NaN,NaN,NaN,NaN,NaN,NaN,omnino
Sen_26,itinera,NOUN,Pl.,Nom.,n,NaN,NaN,NaN,NaN,iter
Sen_26,duo,NUM,Pl.,Nom.,n,NaN,NaN,NaN,NaN,duo
Sen_26,",",PUNCT,NaN,NaN,NaN,NaN,NaN,NaN,NaN,","
Sen_26,quibus,PRON,Pl.,Abl.,n,NaN,NaN,NaN,NaN,qui
Sen_26,itineribus,NOUN,Pl.,Abl.,n,NaN,NaN,NaN,NaN,iter
Sen_26,domo,NOUN,Sg.,Abl.,f,NaN,NaN,NaN,NaN,domus
Sen_26,exire,VERB,NaN,NaN,NaN,NaN,Praes.,act.,inf.,exeo
Sen_26,possent,VERB,Pl.,NaN,NaN,3,Imp.,act.,subj.,possum
Sen_26,:,PUNCT,NaN,NaN,NaN,NaN,NaN,NaN,NaN,:
Sen_26,unum,NUM,Sg.,Nom.,n,NaN,NaN,NaN,NaN,unus
Sen_26,per,PREP,NaN,NaN,NaN,NaN,NaN,NaN,NaN,per
Sen_26,Sequanos,NOUN,Pl.,Acc.,m,NaN,NaN,NaN,NaN,Sequani
Sen_26,",",PUNCT,NaN,NaN,NaN,NaN,NaN,NaN,NaN,","
Sen_26,angustum,ADJ,Sg.,Nom.,n,NaN,NaN,NaN,NaN,angustus
Sen_26,et,CONJ,NaN,NaN,NaN,NaN,NaN,NaN,NaN,et
Sen_26,difficile,ADJ,Sg.,Nom.,n,NaN,NaN,NaN,NaN,difficilis
Sen_26,",",PUNCT,NaN,NaN,NaN,NaN,NaN,NaN,NaN,","
Sen_26,inter,PREP,NaN,NaN,NaN,NaN,NaN,NaN,NaN,inter
Sen_26,montem,NOUN,Sg.,Acc.,m,NaN,NaN,NaN,NaN,mons
Sen_26,Iuram,NOUN,Sg.,Acc.,f,NaN,NaN,NaN,NaN,Iura
Sen_26,et,CONJ,NaN,NaN,NaN,NaN,NaN,NaN,NaN,et
Sen_26,flumen,NOUN,Sg.,Acc.,n,NaN,NaN,NaN,NaN,flumen
Sen_26,Rhodanum,NOUN,Sg.,Acc.,m,NaN,NaN,NaN,NaN,Rhodanus
Sen_26,",",PUNCT,NaN,NaN,NaN,NaN,NaN,NaN,NaN,","
Sen_26,vix,ADV,NaN,NaN,NaN,NaN,NaN,NaN,NaN,vix
Sen_26,quadrigentos,PRON,Sg.,Abl.,f,NaN,NaN,NaN,NaN,qui
Sen_26,singuli,ADJ,Pl.,Nom.,m,NaN,NaN,NaN,NaN,singulus
Sen_26,carri,NOUN,Pl.,Nom.,m,NaN,NaN,NaN,NaN,carrus
Sen_26,ducerentur,VERB,Pl.,NaN,NaN,3,Imp.,pass.,subj.,duco
Sen_26,;,PUNCT,NaN,NaN,NaN,NaN,NaN,NaN,NaN,;
Sen_26,mons,NOUN,Sg.,Nom.,m,NaN,NaN,NaN,NaN,mons
Sen_26,autem,CONJ,NaN,NaN,NaN,NaN,NaN,NaN,NaN,autem
Sen_26,altissimus,ADJ,Sg.,Nom.,m,NaN,NaN,NaN,NaN,altus
Sen_26,impendebat,VERB,Sg.,NaN,NaN,3,Imp.,act.,ind.,impendeo
Sen_26,",",PUNCT,NaN,NaN,NaN,NaN,NaN,NaN,NaN,","
Sen_26,ut,CONJ,NaN,NaN,NaN,NaN,NaN,NaN,NaN,ut
Sen_26,facile,ADV,NaN,NaN,NaN,NaN,NaN,NaN,NaN,facile
Sen_26,perpauci,ADJ,Pl.,Nom.,m,NaN,NaN,NaN,NaN,perpaucus
Sen_26,prohibere,VERB,NaN,NaN,NaN,NaN,Praes.,act.,inf.,prohibeo
Sen_26,possent,VERB,Pl.,NaN,NaN,3,Imp.,act.,subj.,possum
Sen_26,:,PUNCT,NaN,NaN,NaN,NaN,NaN,NaN,NaN,:
Sen_26,alterum,PRON,Sg.,Nom.,n,NaN,NaN,NaN,NaN,alter
Sen_26,per,PREP,NaN,NaN,NaN,NaN,NaN,NaN,NaN,per
Sen_26,Provinciam,NOUN,Sg.,Acc.,f,NaN,NaN,NaN,NaN,provincia
Sen_26,nostram,PRON,Sg.,Acc.,f,NaN,NaN,NaN,NaN,noster
Sen_26,",",PUNCT,NaN,NaN,NaN,NaN,NaN,NaN,NaN,","
Sen_26,multo,ADV,NaN,NaN,NaN,NaN,NaN,NaN,NaN,multo
Sen_26,facilius,ADV,NaN,NaN,NaN,NaN,NaN,NaN,NaN,facilis
Sen_26,atque,CONJ,NaN,NaN,NaN,NaN,NaN,NaN,NaN,atque
Sen_26,expeditus,ADV,NaN,NaN,NaN,NaN,NaN,NaN,NaN,expeditus
Sen_26,",",PUNCT,NaN,NaN,NaN,NaN,NaN,NaN,NaN,","
Sen_26,propterea,ADV,NaN,NaN,NaN,NaN,NaN,NaN,NaN,propterea
Sen_26,quod,CONJ,NaN,NaN,NaN,NaN,NaN,NaN,NaN,quod
Sen_26,Helvetiorum,PREP,NaN,NaN,NaN,NaN,NaN,NaN,NaN,inter
Sen_26,inter,NOUN,Pl.,Acc.,m,NaN,NaN,NaN,NaN,finis
Sen_26,fines,NOUN,Pl.,Gen.,m,NaN,NaN,NaN,NaN,Helvetii
Sen_26,",",PUNCT,NaN,NaN,NaN,NaN,NaN,NaN,NaN,","
Sen_26,et,CONJ,NaN,NaN,NaN,NaN,NaN,NaN,NaN,et
Sen_26,Allobrogum,NOUN,Pl.,Gen.,m,NaN,NaN,NaN,NaN,Allobroges
Sen_26,",",PUNCT,NaN,NaN,NaN,NaN,NaN,NaN,NaN,","
Sen_26,qui,PRON,Pl.,Nom.,m,NaN,NaN,NaN,NaN,qui
Sen_26,nuper,ADV,NaN,NaN,NaN,NaN,NaN,NaN,NaN,nuper
Sen_26,pacati,VERB,Pl.,Nom.,m,NaN,Perf.,pass.,part.,paco
Sen_26,erant,VERB,Pl.,NaN,NaN,3,Plupf.,act.,ind.,sum
Sen_26,",",PUNCT,NaN,NaN,NaN,NaN,NaN,NaN,NaN,","
Sen_26,Rhodanus,NOUN,Sg.,Nom.,m,NaN,NaN,NaN,NaN,Rhodanus
Sen_26,fluit,VERB,Sg.,NaN,NaN,3,Praes.,act.,ind.,fluo
Sen_26,",",PUNCT,NaN,NaN,NaN,NaN,NaN,NaN,NaN,","
Sen_26,isque,PRON,Sg.,Nom.,m,NaN,NaN,NaN,NaN,is
Sen_26,nonnullis,ADJ,Pl.,Abl.,m,NaN,NaN,NaN,NaN,nonnullus
Sen_26,locis,NOUN,Pl.,Abl.,m,NaN,NaN,NaN,NaN,locus
Sen_26,vado,NOUN,Sg.,Abl.,n,NaN,NaN,NaN,NaN,vadum
Sen_26,transitur,VERB,Sg.,NaN,NaN,3,Praes.,pass.,ind.,transeo
Sen_26,.,PUNCT,NaN,NaN,NaN,NaN,NaN,NaN,NaN,.
Sen_27,Extremum,ADJ,Sg.,Nom.,n,NaN,NaN,NaN,NaN,extremus
Sen_27,oppidum,NOUN,Sg.,Nom.,n,NaN,NaN,NaN,NaN,oppidum
Sen_27,Allobrogum,NOUN,Pl.,Gen.,m,NaN,NaN,NaN,NaN,Allobroges
Sen_27,est,VERB,Sg.,NaN,NaN,3,Praes.,act.,ind.,sum
Sen_27,",",PUNCT,NaN,NaN,NaN,NaN,NaN,NaN,NaN,","
Sen_27,proximumque,ADJ,Sg.,Nom.,n,NaN,NaN,NaN,NaN,proximus
Sen_27,Helvetiorum,NOUN,Pl.,Gen.,m,NaN,NaN,NaN,NaN,Helvetii
Sen_27,finibus,NOUN,Pl.,Dat.,m,NaN,NaN,NaN,NaN,finis
Sen_27,",",PUNCT,NaN,NaN,NaN,NaN,NaN,NaN,NaN,","
Sen_27,Geneva,NOUN,Sg.,Nom.,f,NaN,NaN,NaN,NaN,Geneva
Sen_27,.,PUNCT,NaN,NaN,NaN,NaN,NaN,NaN,NaN,.
Sen_28,Ex,PREP,NaN,NaN,NaN,NaN,NaN,NaN,NaN,ex
Sen_28,eodem,PRON,Sg.,Abl.,n,NaN,NaN,NaN,NaN,idem
Sen_28,oppido,NOUN,Sg.,Abl.,n,NaN,NaN,NaN,NaN,oppidum
Sen_28,pons,NOUN,Sg.,Nom.,m,NaN,NaN,NaN,NaN,pons
Sen_28,ad,PREP,NaN,NaN,NaN,NaN,NaN,NaN,NaN,ad
Sen_28,Helvetios,NOUN,Pl.,Acc.,m,NaN,NaN,NaN,NaN,Helvetii
Sen_28,pertinet,VERB,Sg.,NaN,NaN,3,Praes.,act.,ind.,pertineo
Sen_28,.,PUNCT,NaN,NaN,NaN,NaN,NaN,NaN,NaN,.
Sen_29,Allobrogibus,NOUN,Pl.,Dat.,m,NaN,NaN,NaN,NaN,Allobroges
Sen_29,sese,PRON,Pl.,Acc.,m,NaN,NaN,NaN,NaN,sui
Sen_29,vel,ADV,NaN,NaN,NaN,NaN,NaN,NaN,NaN,vel
Sen_29,persuasuros,VERB,Pl.,Acc.,m,NaN,Fut.,act.,part.,persuadeo
Sen_29,",",PUNCT,NaN,NaN,NaN,NaN,NaN,NaN,NaN,","
Sen_29,quod,CONJ,NaN,NaN,NaN,NaN,NaN,NaN,NaN,quod
Sen_29,nondum,ADV,NaN,NaN,NaN,NaN,NaN,NaN,NaN,nondum
Sen_29,bono,ADJ,Sg.,Abl.,m,NaN,NaN,NaN,NaN,bonus
Sen_29,animo,NOUN,Sg.,Abl.,m,NaN,NaN,NaN,NaN,animus
Sen_29,in,PREP,NaN,NaN,NaN,NaN,NaN,NaN,NaN,in
Sen_29,Populum,NOUN,Sg.,Acc.,m,NaN,NaN,NaN,NaN,populus
Sen_29,Romanum,ADJ,Sg.,Acc.,m,NaN,NaN,NaN,NaN,Romanus
Sen_29,viderentur,VERB,Pl.,NaN,NaN,3,Imp.,pass.,subj.,video
Sen_29,",",PUNCT,NaN,NaN,NaN,NaN,NaN,NaN,NaN,","
Sen_29,existimabant,VERB,Pl.,NaN,NaN,3,Imp.,act.,ind.,existimo
Sen_29,;,PUNCT,NaN,NaN,NaN,NaN,NaN,NaN,NaN,;
Sen_29,vel,ADV,NaN,NaN,NaN,NaN,NaN,NaN,NaN,vel
Sen_29,vi,NOUN,Sg.,Abl.,f,NaN,NaN,NaN,NaN,vis
Sen_29,coacturos,VERB,Pl.,Acc.,m,NaN,Fut.,act.,part.,cogo
Sen_29,",",PUNCT,NaN,NaN,NaN,NaN,NaN,NaN,NaN,","
Sen_29,ut,CONJ,NaN,NaN,NaN,NaN,NaN,NaN,NaN,ut
Sen_29,per,PREP,NaN,NaN,NaN,NaN,NaN,NaN,NaN,per
Sen_29,suos,PRON,Pl.,Acc.,m,NaN,NaN,NaN,NaN,suus
Sen_29,fines,NOUN,Pl.,Acc.,m,NaN,NaN,NaN,NaN,finis
Sen_29,eos,PRON,Pl.,Acc.,m,NaN,NaN,NaN,NaN,is
Sen_29,ire,VERB,NaN,NaN,NaN,NaN,Praes.,act.,inf.,eo
Sen_29,paterentur,VERB,Pl.,NaN,NaN,3,Imp.,dep.,subj.,patior
Sen_29,.,PUNCT,NaN,NaN,NaN,NaN,NaN,NaN,NaN,.
Sen_30,Omnibus,ADJ,Pl.,Abl.,f,NaN,NaN,NaN,NaN,omnis
Sen_30,rebus,NOUN,Pl.,Abl.,f,NaN,NaN,NaN,NaN,res
Sen_30,ad,PREP,NaN,NaN,NaN,NaN,NaN,NaN,NaN,ad
Sen_30,profectionem,NOUN,Sg.,Acc.,f,NaN,NaN,NaN,NaN,profectio
Sen_30,comparatis,VERB,Pl.,Abl.,f,NaN,Perf.,pass.,part.,comparo
Sen_30,",",PUNCT,NaN,NaN,NaN,NaN,NaN,NaN,NaN,","
Sen_30,diem,NOUN,Sg.,Acc.,m,NaN,NaN,NaN,NaN,dies
Sen_30,dicunt,VERB,Pl.,NaN,NaN,3,Praes.,act.,ind.,dico
Sen_30,",",PUNCT,NaN,NaN,NaN,NaN,NaN,NaN,NaN,","
Sen_30,quadrigentos,PRON,Sg.,Abl.,f,NaN,NaN,NaN,NaN,qui
Sen_30,die,NOUN,Sg.,Abl.,m,NaN,NaN,NaN,NaN,dies
Sen_30,ad,PREP,NaN,NaN,NaN,NaN,NaN,NaN,NaN,ad
Sen_30,ripam,NOUN,Sg.,Acc.,f,NaN,NaN,NaN,NaN,ripa
Sen_30,Rhodani,NOUN,Sg.,Gen.,m,NaN,NaN,NaN,NaN,Rhodanus
Sen_30,omnes,PRON,Pl.,Nom.,m,NaN,NaN,NaN,NaN,omnis
Sen_30,conveniant,VERB,Pl.,NaN,NaN,3,Praes.,act.,subj.,convenio
Sen_30,:,PUNCT,NaN,NaN,NaN,NaN,NaN,NaN,NaN,:
Sen_30,isque,PRON,Sg.,Nom.,m,NaN,NaN,NaN,NaN,is
Sen_30,dies,NOUN,Sg.,Nom.,m,NaN,NaN,NaN,NaN,dies
Sen_30,erat,VERB,Sg.,NaN,NaN,3,Imp.,act.,ind.,sum
Sen_30,ante,PREP,NaN,NaN,NaN,NaN,NaN,NaN,NaN,ante
Sen_30,diem,NOUN,Sg.,Acc.,m,NaN,NaN,NaN,NaN,dies
Sen_30,quintum,NUM,Sg.,Acc.,m,NaN,NaN,NaN,NaN,quintus
Sen_30,Kalendas,NOUN,Pl.,Acc.,f,NaN,NaN,NaN,NaN,Kalendae
Sen_30,Aprilis,ADJ,Sg.,Gen.,m,NaN,NaN,NaN,NaN,Aprilis
Sen_30,",",PUNCT,NaN,NaN,NaN,NaN,NaN,NaN,NaN,","
Sen_30,Lucio,NOUN,Sg.,Abl.,m,NaN,NaN,NaN,NaN,Lucius
Sen_30,pisone,NOUN,Sg.,Abl.,m,NaN,NaN,NaN,NaN,Piso
Sen_30,",",PUNCT,NaN,NaN,NaN,NaN,NaN,NaN,NaN,","
Sen_30,Aulo,NOUN,Sg.,Abl.,m,NaN,NaN,NaN,NaN,Aulus
Sen_30,Gabinio,NOUN,Sg.,Abl.,m,NaN,NaN,NaN,NaN,Gabinius
Sen_30,Consulibus,NOUN,Pl.,Abl.,m,NaN,NaN,NaN,NaN,consul
Sen_30,.,PUNCT,NaN,NaN,NaN,NaN,NaN,NaN,NaN,.
