ID,token,lemma,POS,has_Ner,Ner,Gender,Morph,
sen1_1,Petis,peto,V,NaN,NaN,NaN,2p.sg.ind.praes.act.,
sen1_2,ut,ut,CONJ,NaN,NaN,NaN,NaN,
sen1_3,tibi,tu,PRON,NaN,NaN,NaN,dat.sg.,
sen1_4,avunculi,avunculus,N,NaN,NaN,m,gen.sg.,
sen1_5,mei,meus,ADJ,NaN,NaN,m,gen.sg.,
sen1_6,exitum,exitus,N,NaN,NaN,m,acc.sg.,
sen1_7,scribam,scribo,V,NaN,NaN,NaN,1p.sg.conj.praes.act,
sen1_8,",",",",PUNC,NaN,NaN,NaN,NaN,
sen1_9,quo,qui,CONJ,NaN,NaN,n ,abl.sg,
sen1_10,verius,vere,ADV,NaN,NaN,NaN,NaN,
sen1_11,tradere,trado,V,NaN,NaN,NaN,inf.praes.act,
sen1_12,posteris,posteri,N,NaN,NaN,m,dat.sg.,
sen1_13,possis,possum,V,NaN,NaN,NaN,2p.sg.conj.praes.act.,
sen1_14,.,.,PUNC,NaN,NaN,NaN,NaN,
sen2_1,Gratias,gratia,N,NaN,NaN,f,acc.pl,
sen2_2,ago,ago,V,NaN,NaN,NaN,1p.sg.ind.praes.act,
sen2_3,;,;,PUNC,NaN,NaN,NaN,NaN,
sen2_4,nam,nam,CONJ,NaN,NaN,NaN,NaN,
sen2_5,video,video,V,NaN,NaN,NaN,1p.sg.ind.praes.act,
sen2_6,morti,mors,N,NaN,NaN,f,dat.sg.,
sen2_7,eius,is,PRON,NaN,NaN,m,gen.sg.,
sen2_8,si,si,CONJ,NaN,NaN,NaN,NaN,
sen2_9,celebretur,celebro,V,NaN,NaN,NaN,3p.sg.conj.praes.pass.,
sen2_10,a,a,ADP,NaN,NaN,NaN,NaN,
sen2_11,te,tu,PRON,NaN,NaN,NaN,abl.sg.,
sen2_12,immortalem,immortalis,ADJ,NaN,NaN,f,acc.sg.,
sen2_13,gloriam,gloria,N,NaN,NaN,f,acc.sg.,
sen2_14,esse,sum,V,NaN,NaN,NaN,inf.praes.act,
sen2_15,propositam,propono,PART,NaN,NaN,f,perf.pass.part.acc.sg.,
sen2_16,.,.,PUNC,NaN,NaN,NaN,NaN,
sen3_1,Quamvis,quamvis,CONJ,NaN,NaN,NaN,NaN,
sen3_2,enim,enim,CONJ,NaN,NaN,NaN,NaN,
sen3_3,pulcherrimarum,pulcher ,ADJ,NaN,NaN,f,gen.pl,
sen3_4,clade,clades,N,NaN,NaN,f,abl.sg,
sen3_5,terrarum,terra,N,NaN,NaN,f,gen.pl.,
sen3_6,",",",",PUNC,NaN,NaN,NaN,NaN,
sen3_7,ut,ut,CONJ,NaN,NaN,NaN,NaN,
sen3_8,populi,populus,N,NaN,NaN,m,nom.pl.,
sen3_9,ut,ut,CONJ,NaN,NaN,NaN,NaN,
sen3_10,urbes,urbs,N,NaN,NaN,f,nom.pl.,
sen3_11,memorabili,memorabilisADJ,,NaN,NaN,m,abl.sg.,
sen3_12,casu,casus,N,NaN,NaN,m,abl.sg.,
sen3_13,",",",",PUNC,NaN,NaN,NaN,NaN,
sen3_14,quasi,quasi,ADV,NaN,NaN,NaN,NaN,
sen3_15,semper,semper,ADV,NaN,NaN,NaN,NaN,
sen3_16,victurus,vivo,PART,NaN,NaN,m,fut.act.pat.nom.sg,
sen3_17,occiderit,occido,V,NaN,NaN,NaN,3p.sg.conj.perf.act.,
sen3_18,",",",",PUNC,NaN,NaN,NaN,NaN,
sen3_19,quamvis,quamvis,CONJ,NaN,NaN,NaN,NaN,
sen3_20,ipse,ipse,PRON,NaN,NaN,m,nom.sg,
sen3_21,plurima,multus,ADJ,NaN,NaN,n,acc.pl,
sen3_22,opera,opus,N,NaN,NaN,n,acc.sg.,
sen3_23,et,et,CONJ,NaN,NaN,NaN,NaN,
sen3_24,mansura,maneo,PART,NaN,NaN,n,fut.act.pat.acc.pl.,
sen3_25,condiderit,condo,V,NaN,NaN,NaN,3p.sg.conj.perf.act.,
sen3_26,",",",",PUNC,NaN,NaN,NaN,NaN,
sen3_27,multum,multus,ADV,NaN,NaN,NaN,NaN,
sen3_28,tamen,tamen,ADV,NaN,NaN,NaN,NaN,
sen3_29,perpetuitati,perpetuitas,N,NaN,NaN,f,dat.sg.,
sen3_30,eius,is,PRON,NaN,NaN,m,gen.sg.,
sen3_31,scriptorum,scriptum,N,NaN,NaN,n,gen.pl,
sen3_32,tuorum,tuus,PRON,NaN,NaN,n,gen.pl.,
sen3_33,aeternitatis,aeternitas,N,NaN,NaN,f,nom.sg.,
sen3_34,addet,addo,V,NaN,NaN,NaN,3p.sg.ind.fut.act.,
sen3_35,.,.,PUNC,NaN,NaN,NaN,NaN,
sen4_1,Equidem,equidem,ADV,NaN,NaN,NaN,NaN,
sen4_2,beatos,beatus,ADJ,NaN,NaN,m,acc.pl.,
sen4_3,puto,puto,V,NaN,NaN,NaN,1p.sg.ind.praes.act,
sen4_4,",",",",PUNC,NaN,NaN,NaN,NaN,
sen4_5,quibus,qui,PRON,NaN,NaN,m,dat.pl.,
sen4_6,deorum,deus,N,NaN,NaN,m,gen.pl.,
sen4_7,munere,munus,N,NaN,NaN,n,abl.sg.,
sen4_8,datum,do,PART,NaN,NaN,n,perf.pass.part.nom.sg.,
sen4_9,est,sum,V,NaN,NaN,NaN,3p.sg.ind.praes.act,
sen4_10,aut,aut,CONJ,NaN,NaN,NaN,NaN,
sen4_11,facere,facio,V,NaN,NaN,NaN,inf.praes.act,
sen4_12,scribenda,scribo,PART,NaN,NaN,n,fut.pass.part.acc.pl.,
sen4_13,aut,aut,CONJ,NaN,NaN,NaN,NaN,
sen4_14,scribere,scribo,V,NaN,NaN,NaN,inf.praes.act,
sen4_15,legenda,lego,PART,NaN,NaN,n,fut.pass.part.acc.pl.,
sen4_16,",",",",PUNC,NaN,NaN,NaN,NaN,
sen4_17,beatissimos ,beatus,ADJ,NaN,NaN,m,acc.pl.,
sen4_18,vero,vero,ADV,NaN,NaN,NaN,NaN,
sen4_19,quibus,qui,PRON,NaN,NaN,m,dat.pl.,
sen4_20,utrumque,uterque,PRON,NaN,NaN,n,acc.sg.,
sen4_21,.,,PUNC,NaN,NaN,NaN,NaN,
sen5_1,Horum,hic,PRON,NaN,NaN,m,gen.pl.,
sen5_2,in,in,ADP,NaN,NaN,NaN,NaN,
sen5_3,numero,numerus,N,NaN,NaN,m,abl.sg.,
sen5_4,avunculus,avunculus,N,NaN,NaN,m,nom.sg.,
sen5_5,meus,meus,PRON,NaN,NaN,m,nom.sg.,
sen5_6,et,et,CONJ,NaN,NaN,NaN,NaN,
sen5_7,suis,suus,PRON,NaN,NaN,m,abl.pl,
sen5_8,libris,liber,N,NaN,NaN,m,abl.pl,
sen5_9,et,et,CONJ,NaN,NaN,NaN,NaN,
sen5_10,tuis,tuus,PRON,NaN,NaN,m,abl.pl.,
sen5_11,erit,sum,V,NaN,NaN,NaN,3p.sg.ind.fut.act.,
sen5_12,.,.,PUNC,NaN,NaN,NaN,NaN,
sen6_1,Quo,qui,PRON,NaN,NaN,n,abl.sg,
sen6_2,libentius,libenter,ADV,NaN,NaN,NaN,NaN,
sen6_3,suscipio,suscipio,V,NaN,NaN,NaN,1p.sg.ind.praes.act,
sen6_4,",",",",PUNC,NaN,NaN,NaN,NaN,
sen6_5,deposco,deposco,V,NaN,NaN,NaN,1p.sg.ind.praes.act,
sen6_6,etiam,etiam,SCONJ,NaN,NaN,NaN,NaN,
sen6_7,quod,qui,PRON,NaN,NaN,n,acc.sg.,
sen6_8,iniungis,iniungo,V,NaN,NaN,NaN,2p.sg.ind.praes.act.,
sen6_9,.,.,PUNC,NaN,NaN,NaN,NaN,
sen7_1,Usus,utor,PART,NaN,NaN,m,perf.pass.part.nom.sg.,
sen7_2,ille,ille,PRON,NaN,NaN,m,nom.sg,
sen7_3,sole,sol,N,NaN,NaN,m,abl.sg,
sen7_4,",",",",PUNC,NaN,NaN,NaN,NaN,
sen7_5,mox,mox,ADV,NaN,NaN,NaN,NaN,
sen7_6,frigida,frigida,ADJ,NaN,NaN,f,abl.sg,
sen7_7,",",",",PUNC,NaN,NaN,NaN,NaN,
sen7_8,gustaverat ,gusto,V,NaN,NaN,NaN,3p.sg.ind.plp.act.,
sen7_9,iacens,iaceo,PART,NaN,NaN,m,praes.act.part.nom.sg.,
sen7_10,studebatque,studeo,V,NaN,NaN,NaN,3p.sg.ind.impf.act.,
sen7_11,;,;,PUNC,NaN,NaN,NaN,NaN,
sen7_12,poscit,posco,V,NaN,NaN,NaN,3p.sg.ind.praes.act,
sen7_13,seoleas,solea,N,NaN,NaN,f,acc.pl.,
sen7_14,",",",",PUNC,NaN,NaN,NaN,NaN,
sen7_15,ascendit,ascendo,V,NaN,NaN,NaN,3p.sg.ind.praes.act,
sen7_16,locum,locus,N,NaN,NaN,m,acc.sg.,
sen7_17,ex,ex,ADP,NaN,NaN,NaN,NaN,
sen7_18,quo,qui,PRON,NaN,NaN,m,abl.sg.,
sen7_19,maxime,maxime,ADV,NaN,NaN,NaN,NaN,
sen7_20,miraculum,miraculum ,N,NaN,NaN,n,nom.sg.,
sen7_21,illud,ille,PRON,NaN,NaN,n,nom.sg,
sen7_22,conspici,conscipio,V,NaN,NaN,NaN,inf.praes.act,
sen7_23,poterat,possum,V,NaN,NaN,NaN,3p.sg.ind.impf.act.,
sen7_24,.,.,PUNC,NaN,NaN,NaN,NaN,
sen8_1,Nubes,nubes,N,NaN,NaN,f,nom.sg.,
sen8_2, —, —,PUNC,NaN,NaN,NaN,NaN,
sen8_3,incertum,incertus,ADJ,NaN,NaN,n,nom.sg.,
sen8_4,procul,procul,ADV,NaN,NaN,NaN,NaN,
sen8_5,intuentibus,intueor,PART,NaN,NaN,m,praes.act.part.dat.pl.,
sen8_6,ex ,ex,ADP,NaN,NaN,NaN,NaN,NaN
sen8_7,quo,qui,PRON,NaN,NaN,m,abl.sg.,
sen8_8,monte,mons,N,NaN,NaN,m,abl.sg.,
sen8_9,;,,PUNC,NaN,NaN,NaN,NaN,
sen8_10,Vesuvium,Vesuvius,N,TRUE,LOC,m,acc.sg.,
sen8_11,fuisse,sum,V,NaN,NaN,NaN,inf.perf.act.,
sen8_12,postea,postea,ADV,NaN,NaN,NaN,NaN,
sen8_13,cognitum ,cognosco,PART,NaN,NaN,n,perf.pass.part.nom.sg.,
sen8_14,est,sum,V,NaN,NaN,NaN,"3p.sg.ind.praes,act.",
sen8_15, —, —,PUNC,NaN,NaN,NaN,NaN,
sen8_16,oriebatur,orior,V,NaN,NaN,NaN,3p.sg.ind.impf.act.,
sen8_17,",",,PUNC,NaN,NaN,NaN,NaN,
sen8_18,cuius,qui,PRON,NaN,NaN,f,gen.pl.,
sen8_19,similitudinem,similitudo,N,NaN,NaN,f,acc.sg.,
sen8_20,et,et,CONJ,NaN,NaN,NaN,NaN,
sen8_21,formam,forma,N,NaN,NaN,f,acc.sg.,
sen8_22,non,non,ADV,NaN,NaN,NaN,NaN,
sen8_23,alia,alius,PRON,NaN,NaN,f,nom.sg.,
sen8_24,magis,magis,ADV,NaN,NaN,NaN,NaN,
sen8_25,arbor,arbor,N,NaN,NaN,f,nom.sg.,
sen8_26,quamvis,quam ,CONJ,NaN,NaN,NaN,NaN,
sen8_27,pinus,pinus,N,NaN,NaN,f,nom.sg.,
sen8_28,expresserit,exprimo,V,NaN,NaN,NaN,3p.sg.conj.perf.act.,
sen8_29,.,.,PUNC,NaN,NaN,NaN,NaN,
sen9_1,Nam,nam,CONJ,NaN,NaN,NaN,NaN,
sen9_2,longissimo,longus,ADJ,NaN,NaN,m,abl.sg.,
sen9_3,velut,velut,ADV,NaN,NaN,NaN,NaN,
sen9_4,trunco,truncus,N,NaN,NaN,m,abl.sg.,
sen9_5,elata,effero,PART,NaN,NaN,f,perf.pass.part.nom.sg.,
sen9_6,in,in,ADP,NaN,NaN,NaN,NaN,
sen9_7,altum,altum,N,NaN,NaN,n,acc.sg.,
sen9_8,quibusdam,quidam,PRON,NaN,NaN,m,abl.pl.,
sen9_9,ramis,ramus,N,NaN,NaN,m,abl.pl.,
sen9_10,diffundebatur,diffundo,V,NaN,NaN,NaN,3p.sg.ind.impf.act.,
sen9_11,",",",",PUNC,NaN,NaN,NaN,NaN,
sen9_12,credo,credo,V,NaN,NaN,NaN,1p.sg.ind.praes.act,
sen9_13,quia,quia,CONJ,NaN,NaN,NaN,NaN,
sen9_14,recenti,recens,ADJ,NaN,NaN,m,abl.sg.,
sen9_15,spiritu,spiritus,N,NaN,NaN,m,abl.sg.,
sen9_16,evecta,eveho,PART,NaN,NaN,f,perf.pass.part.nom.sg.,
sen9_17,dein,dein,ADV,NaN,NaN,NaN,NaN,
sen9_18,senscente,senesco,PART,NaN,NaN,m,praes.act.part.abl.sg.,
sen9_19,eo,is,PRON,NaN,NaN,m,abl.sg,
sen9_20,destituta,destituo,PART,NaN,NaN,f,perf.pass.part.nom.sg.,
sen9_21,aut,aut,CONJ,NaN,NaN,NaN,NaN,
sen9_22,etiam,etiam,SCONJ,NaN,NaN,NaN,NaN,
sen9_23,pondere,pondus,N,NaN,NaN,n,abl.sg.,
sen9_24,suo,suus,ADJ,NaN,NaN,n,abl.sg.,
sen9_25,victa,vinco,PART,NaN,NaN,f,perf.pass.part.nom.sg.,
sen9_26,in,in,ADP,NaN,NaN,NaN,NaN,
sen9_27,latitudinem,latitudo,N,NaN,NaN,f,acc.sg.,
sen9_28,vanescebat,vanesco,V,NaN,NaN,NaN,3p.sg.ind.impf.act.,
sen9_29,",",",",PUNC,NaN,NaN,NaN,NaN,
sen9_30,candida,candidus,ADJ,NaN,NaN,f,nom.sg.,
sen9_31,interdum,interdum,ADV,NaN,NaN,NaN,NaN,
sen9_32,",",",",PUNC,NaN,NaN,NaN,NaN,
sen9_33,interdum ,interdum,ADV,ADV,NaN,NaN,NaN,
sen9_34,sordida,sordidus ,ADJ,NaN,NaN,f,nom.sg.,
sen9_35,et,et,CONJ,NaN,NaN,NaN,NaN,
sen9_36,maculosa,maculosus,ADJ,NaN,NaN,f,nom.sg.,
sen9_37,prout,prout,CONJ,NaN,NaN,NaN,NaN,
sen9_38,terram,terra,N,NaN,NaN,f,acc.sg.,
sen9_39,cinirem,cinis,N,NaN,NaN,m,acc.sg.,
sen9_40,sustulerat,tollo,V,NaN,NaN,NaN,3p.sg.ind.plp.act.,
sen9_41,.,.,PUNC,NaN,NaN,NaN,NaN,
sen10_1,Magnum,magnus,ADJ,NaN,NaN,n,nom.sg.,
sen10_2,propius,prope,ADV,NaN,NaN,NaN,NaN,
sen10_3,noscendum,nosco,PART,NaN,NaN,n,fut.pass.part.nom.sg.,
sen10_4,ut,ut,CONJ,naN,naN,naN,naN,
sen10_5,eruditissimo,eruditus,ADJ,NaN,NaN,m,dat.sg.,
sen10_6,viro,vir,N,NaN,NaN,m,dat.sg.,
sen10_7,visum,video,PART,NaN,NaN,n,perf.pass.part.nom.sg.,
sen10_8,.,.,PUNC,NaN,NaN,NaN,NaN,
sen10_9,Iubet,iubeo,V,NaN,NaN,NaN,3p.sg.ind.praes.act.,
sen10_10,liburnicam,liburnica,N,NaN,NaN,f,acc.sg.,
sen10_11,aptari,apto,V,NaN,NaN,NaN,inf.praes.pass.,
sen10_12,;,;,PUNC,NaN,NaN,NaN,NaN,
sen10_13,mihi,ego,PRON,NaN,NaN,NaN,dat.sg.,
sen10_14,si,si ,CONJ,NaN,NaN,NaN,NaN,
sen10_15,venire,venio,V,NaN,NaN,NaN,inf.praes.act.,
sen10_16,una,una,ADV,ADV,ADV,ADV,ADV,
sen10_17,vellem,volo,V,NaN,NaN,NaN,1p.sg.conj.impf.act.,
sen10_18,facit,facio,V,NaN,NaN,NaN,3p.sg.ind.praes.act.,
sen10_19,copiam,copia,N,NaN,NaN,f,acc.sg.,
sen10_20,;,;,PUNC,NaN,NaN,NaN,NaN,
sen10_21,respondi,respondeo,V,NaN,NaN,NaN,1p.sg.ind.perf.act.,
sen10_22,studere,studeo,V,NaN,NaN,NaN,inf.praes.act.,
sen10_23,me,ego,PRON,NaN,NaN,NaN,acc.sg.,
sen10_24,malle,malo,V,NaN,NaN,NaN,inf.praes.act.,
sen10_25,",",",",PUNC,NaN,NaN,NaN,NaN,
sen10_26,et,et,CONJ,NaN,NaN,NaN,NaN,
sen10_27,forte,forte,ADV,NaN,NaN,NaN,NaN,
sen10_28,ipse,ipse,PRON,NaN,NaN,m,nom.sg.,
sen10_29,quod,qui,PRON,NaN,NaN,n,acc.sg.,
sen10_30,scriberem,scribo,V,NaN,NaN,NaN,1p.sg.conj.impf.act.,
sen10_31,dederat,do,V,NaN,NaN,NaN,3p.sg.ind.plp.act.,
sen10_32,.,.,PUNC,NaN,NaN,NaN,NaN,
sen12_1,Egrediebatur,egredior,V,NaN,NaN,NaN,3p.sg.ind.impf.pass.,
sen12_2,domo,domus,N,NaN,NaN,f,abl.sg.,
sen12_3,;,;,PUNC,NaN,NaN,NaN,NaN,
sen12_4,accipit,accipio,V,NaN,NaN,NaN,3p.sg.ind.praes.act.,
sen12_5,codicillos,codicilli,N,NaN,NaN,m,acc.pl.,
sen12_6,Rectinae,Rectina,N,TRUE,PER,f,gen.sg.,
sen12_7,Tasci,Tascius,N,TRUE,PER,m,gen.sg.,
sen12_8,imminenti,immenio,PART,NaN,NaN,n,abl.sg.,
sen12_9,periculo,periculum,N,NaN,NaN,n,abl.sg.,
sen12_10,exterritae,exterreo,PART,NaN,NaN,f,perf.pass.part.gen.sg.,
sen12_11, —, —,PUNC,NaN,NaN,NaN,NaN,
sen12_12,nam,nam,CONJ,NaN,NaN,NaN,NaN,
sen12_13,villa,villa,N,NaN,NaN,f,nom.sg.,
sen12_14,eius,is,PRON,NaN,NaN,f,gen.sg.,
sen12_15,subiacebat,subiaceio,V,NaN,NaN,NaN,3p.sg.ind.impf.act.,
sen12_16,",",",",PUNC,NaN,NaN,NaN,NaN,
sen12_17,nec,nec,CONJ,NaN,NaN,NaN,NaN,
sen12_18,ulla,ullus,PRON,NaN,NaN,f,nom.sg.,
sen12_19,nisi,nisi,SCONJ,NaN,NaN,NaN,NaN,
sen12_20,navibus,navis,N,NaN,NaN,f,abl.pl.,
sen12_21,fuga,fuga,N,NaN,NaN,f,nom.sg.,
sen12_22,:,:,PUNC,NaN,NaN,NaN,NaN,
sen12_23,ut,ut,CONJ,CONJ,CONJ,CONJ,CONJ,
sen12_24,se,sui,PRON,NaN,NaN,f,acc.sg.,
sen12_25,tanto,tantus,ADJ,NaN,NaN,n,dat.sg.,
sen12_26,discrimini,discrimen,N,NaN,NaN,n,dat.sg.,
sen12_27,eriperet,eripio,V,NaN,NaN,NaN,3p.sg.conj.impf.act.,
sen12_28,orabat,oro,V,NaN,NaN,NaN,3p.sg.ind.impf.act.,
sen12_29,.,.,PUNC,NaN,NaN,NaN,NaN,
sen13_1,Vertit,verto,V,NaN,NaN,NaN,3p.sg.ind.praes.act.,
sen13_2,ille,ille,PRON,NaN,NaN,m,nom.sg.,
sen13_3,consilium,consilium,N,NaN,NaN,n,acc.sg.,
sen13_4,et,et,CONJ,NaN,NaN,NaN,NaN,
sen13_5,quod,qui,PRON,NaN,NaN,n,acc.sg.,
sen13_6,studioso,studiosus,ADJ,NaN,NaN,m,abl.sg.,
sen13_7,animo,animus,N,NaN,NaN,m,abl.sg.,
sen13_8,incohaverat,incoho,V,NaN,NaN,NaN,3p.sg.ind.plp.act.,
sen13_9,obit,obeo,V,NaN,NaN,NaN,3p.sg.ind.praes.act.,
sen13_10,maximo,magnus,ADJ,NaN,NaN,m,abl.sg.,
sen13_11,.,.,PUNC,NaN,NaN,NaN,NaN,
sen14_1,Deducit,deduco,V,NaN,NaN,NaN,3p.sg.ind.praes.act.,
sen14_2,quadriremes,quadriremis,N,NaN,NaN,f,acc.sg.,
sen14_3,",",",",PUNC,NaN,NaN,NaN,NaN,
sen14_4,ascendit,ascendo,V,NaN,NaN,NaN,3p.sg.ind.praes.act.,
sen14_5,ipse,ipse,PRON,NaN,NaN,m,nom.sg.,
sen14_6,non,non,ADV,NaN,NaN,NaN,NaN,
sen14_7,Rectinae ,Rectina,N,TRUE,PER,f,dat.sg.,
sen14_8,modo,modo,ADV,NaN,NaN,NaN,NaN,
sen14_9,sed,sed,CONJ,NaN,NaN,NaN,NaN,
sen14_10,multis,multus,ADJ,NaN,NaN,m,dat.pl.,
sen14_11, —, —,PUNC,NaN,NaN,NaN,NaN,
sen14_12,erat,sum,V,NaN,NaN,NaN,3p.sg.ind.impf.act.,
sen14_13,enim,enim,CONJ,NaN,NaN,NaN,NaN,
sen14_14,frequens,frequens,ADJ,NaN,NaN,f,nom.sg.,
sen14_15,amoenitas,amoenitas,N,NaN,NaN,f,nom.sg.,
sen14_16,orae,ora,N,NaN,NaN,f,gen.sg.,
sen14_17, —, —,PUNC,NaN,NaN,NaN,NaN,
sen14_18,laturus,fero,PART,NaN,NaN,m,fut.act.part.nom.sg.,
sen14_19,auxilium,auxilium,N,NaN,NaN,n,acc.sg.,
sen14_20,.,.,PUNC,NaN,NaN,NaN,NaN,
sem15_1,Properat,propeo,V,NaN,NaN,NaN,3p.sg.ind.praes.act.,
sem15_2,illuc,illuc,ADV,NaN,NaN,NaN,NaN,
sem15_3,unde,unde,CONJ,NaN,NaN,NaN,NaN,
sem15_4,alii,alius,ADJ,NaN,NaN,m,nom.pl.,
sem15_5,fugiunt,fugio,V,NaN,NaN,NaN,3p.pl.ind.praes.act.,
sem15_6,",",",",PUNC,NaN,NaN,NaN,NaN,
sem15_7,rectum,rectus,ADJ,NaN,NaN,m,acc.sg.,
sem15_8,cursum,cursus,N,NaN,NaN,m,acc.sg.,
sem15_9,recta,rectus,ADJ,NaN,NaN,n,acc.pl.,
sem15_10,gubernacula,gubernaculum,N,NaN,NaN,n,acc.pl.,
sem15_11,in,in ,ADP,NaN,NaN,NaN,NaN,
sem15_12,periculum,periculum,N,NaN,NaN,n,acc.sg.,
sem15_13,tenet,teneo,V,NaN,NaN,NaN,3p.sg.ind.praes.act.,
sem15_14,adeo,adeo,ADV,NaN,NaN,NaN,NaN,
sem15_15,solutus,solvo,PART,NaN,NaN,m,perf.pass.part.nom.sg.,
sem15_16,metu,metus,N,NaN,NaN,m,abl.sg.,
sem15_17,",",",",PUNC,NaN,NaN,NaN,NaN,
sem15_18,ut,ut,CONJ,NaN,NaN,NaN,NaN,
sem15_19,omnes,omnis,ADJ,NaN,NaN,m,acc.pl.,
sem15_20,illius,ille,PRON,NaN,NaN,n,gen.sg.,
sem15_21,mali,malum,N,NaN,NaN,n,gen.sg.,
sem15_22,motus,motus,N,NaN,NaN,m,acc.sg.,
sem15_23,omnes,omnis,ADJ,NaN,NaN,f,acc.pl.,
sem15_24,figuras,figura,N,NaN,NaN,f,acc.pl.,
sem15_25,ut,ut,CONJ,NaN,NaN,NaN,NaN,
sem15_26,deprenderat,deprendo,V,NaN,NaN,NaN,3p.sg.ind.plp.act.,
sem15_27,oculis,oculus,N,NaN,NaN,m,abl.pl.,
sem15_28,dictaret,dicto,V,NaN,NaN,NaN,3p.sg.ind.impf.act.,
sem15_29,enotaret,enoto,V,NaN,NaN,NaN,3p.sg.conj.impf.act.,
sem15_30,.,.,PUNC,NaN,NaN,NaN,NaN,
sen16_1,Iam,iam,ADV,NaN,NaN,NaN,NaN,
sen16_2,navibus,navis,N,NaN,NaN,f,dat.pl.,
sen16_3,cinis,cinis,N,NaN,NaN,m,nom.sg.,
sen16_4,incidebat,incido,V,NaN,NaN,NaN,3p.sg.ind.impf.act.,
sen16_5,",",",",PUNC,NaN,NaN,NaN,NaN,
sen16_6,quo,qui,PRON,NaN,NaN,n,abl.sg.,
sen16_7,propius ,prope,ADV,NaN,NaN,NaN,NaN,
sen16_8,accederent,accedo,V,NaN,NaN,NaN,3p.sg.conj.impf.act.,
sen16_9,",",",",PUNC,NaN,NaN,NaN,NaN,
sen16_10,calidior,calidus,ADJ,NaN,NaN,m,nom.sg.,
sen16_11,et,et,CONJ,NaN,NaN,NaN,NaN,
sen16_12,densior,densus,ADJ,NaN,NaN,m,nom.sg.,
sen16_13,;,;,PUNC,NaN,NaN,NaN,NaN,
sen16_14,iam,iam,ADV,NaN,NaN,NaN,NaN,
sen16_15,pumices,pumex,N,NaN,NaN,m,nom.pl.,
sen16_16,etiam,etiam,SCONJ,NaN,NaN,NaN,NaN,
sen16_17,nigri,niger,ADJ,NaN,NaN,m,nom.pl.,
sen16_18,et,et,CONJ,NaN,NaN,NaN,NaN,
sen16_19,ambusti,amburo,PART,NaN,NaN,m,perf.pass.part.nom.pl.,
sen16_20,et,et,CONJ,NaN,NaN,NaN,NaN,
sen16_21,fracti,frango,PART,NaN,NaN,m,perf.pass.part.nom.pl.,
sen16_22,igne,ignis,N,NaN,NaN,m,abl.sg.,
sen16_23,lapides,lapis,N,NaN,NaN,m,nom.pl.,
sen16_24,;,;,PUNC,NaN,NaN,NaN,NaN,
sen16_25,iam,iam,ADV,NaN,NaN,NaN,NaN,
sen16_26,vadum,vadum,N,NaN,NaN,n,nom.sg.,
sen16_27,subitum,subitus,ADJ,NaN,NaN,n,nom.sg.,
sen16_28,ruina,ruina,N,NaN,NaN,f,abl.sg.,
sen16_29,que,que,CONJ,NaN,NaN,NaN,NaN,
sen16_30,montis,mons,N,NaN,NaN,m,gen.sg.,
sen16_31,litora,litus,N,NaN,NaN,n,acc.pl.,
sen16_32,obstantia,obsto,PART,NaN,NaN,n,praes.act.part.acc.pl.,
sen16_33,.,.,PUNC,NaN,NaN,NaN,NaN,
sen17_1,Cuncactus,cunctor,PART,NaN,NaN,m,perf.part.nom.sg.,
sen17_2,paulum,paulum,ADV,NaN,NaN,NaN,NaN,
sen17_3,an,an ,CONJ,NaN,NaN,NaN,NaN,
sen17_4,retro,retro,ADV,NaN,NaN,NaN,NaN,
sen17_5,flecterat,flecto,V,NaN,NaN,NaN,3p.sg.conj.impf.act.,
sen17_6,",",",",PUNC,NaN,NaN,NaN,NaN,
sen17_7,mox,mox,ADV,NaN,NaN,NaN,NaN,
sen17_8,gubernatori,gubernator,N,NaN,NaN,m,dat.sg.,
sen17_9,ut,ut,CONJ,NaN,NaN,NaN,NaN,
sen17_10,ita,ita,ADV,NaN,NaN,NaN,NaN,
sen17_11,faceret,facio,V,NaN,NaN,NaN,3p.sg.conj.impf.act.,
sen17_12,monenti,moneo,PART,NaN,NaN,m,praes.act.part.dat.sg.,
sen17_13,Fortes,fortis,N,NaN,NaN,m,acc.pl.,
sen17_14,inquit,inquam,V,NaN,NaN,NaN,3p.sg.ind.praes.act.,
sen17_15,fortuna,fortuna,N,NaN,NaN,f,nom.sg.,
sen17_16,iuvat,iuvo,V,NaN,NaN,NaN,3p.sg.ind.praes.act.,
sen17_17,:,:,PUNC,NaN,NaN,NaN,NaN,
sen17_18,Pomponianum,Pomponianus,N,TRUE,PERS,m,acc.sg.,
sen17_19,pete,peto,V,NaN,NaN,NaN,2p.sg.imp.praes.act.,
sen17_20,.,.,PUNC,NaN,NaN,NaN,NaN,
sen18_1,Stabiis,Stabiae,N,TRUE ,LOC,f,abl.pl.,
sen18_2,erat,sum,V,NaN,NaN,NaN,3p.sg.ind.impf.act.,
sen18_3,diremptus,dirimo,V,NaN,NaN,m,part.perf.pass.nom.sg.,
sen18_4,sinu,sinus,N,NaN,NaN,m,abl.sg.,
sen18_5,medio,medius,ADJ,NaN,NaN,m,abl.sg.,
sen18_6,—,—,PUNC,NaN,NaN,NaN,NaN,
sen18_7,nam,nam,CONJ,NaN,NaN,NaN,NaN,
sen18_8,sensim,sensim,ADV,NaN,NaN,NaN,NaN,
sen18_9,circumactis,circumago,V,NaN,NaN,n,part.perf.pass.abl.pl.,
sen18_10,curvatisque,curvo,V,NaN,NaN,n,part.perf.pass.abl.pl.,
sen18_11,litoribus,litus,N,NaN,NaN,n,abl.pl.,
sen18_12,mare,mare,N,NaN,NaN,n,nom.sg.,
sen18_13,infunditur,infundo,V,NaN,NaN,NaN,3p.sg.ind.praes.pass.,
sen18_14,-,-,PUNC,NaN,NaN,NaN,NaN,
sen18_15,;,;,PUNC,NaN,NaN,NaN,NaN,
sen18_16,ibi,ibi,ADV,NaN,NaN,NaN,NaN,
sen18_17,quamquam,quamquam,CONJ,NaN,NaN,NaN,NaN,
sen18_18,nondum,nondum,ADV,NaN,NaN,NaN,NaN,
sen18_19,periculo,periculum,N,NaN,NaN,n,abl.sg.,
sen18_20,appropinquante,appropinquo,V,NaN,NaN,n,part.praes.act.abl.sg.,
sen18_21,",",",",PUNC,NaN,NaN,NaN,NaN,
sen18_22,conspicuo,conspicuus,ADJ,NaN,NaN,n,abl.sg.,
sen18_23,tamen,tamen,CONJ,NaN,NaN,NaN,NaN,
sen18_24,et,et,CONJ,NaN,NaN,NaN,NaN,
sen18_25,cum,cum,CONJ,NaN,NaN,NaN,NaN,
sen18_26,cresceret,cresco,V,NaN,NaN,NaN,3p.sg.conj.impf.act.,
sen18_27,proximo,proximus,ADJ,NaN,NaN,n,abl.sg.,
sen18_28,",",",",PUNC,NaN,NaN,NaN,NaN,
sen18_29,sarcinas,sarcina,N,NaN,NaN,f,acc.pl.,
sen18_30,contulerat,confero,V,NaN,NaN,NaN,3p.sg.ind.plp.act.,
sen18_31,in,in,ADP,NaN,NaN,NaN,NaN,
sen18_32,naves,navis,N,NaN,NaN,f,acc.pl.,
sen18_33,",",",",PUNC,NaN,NaN,NaN,NaN,
sen18_34,certus,certus,ADJ,NaN,NaN,m,nom.sg.,
sen18_35,fugae,fuga,N,NaN,NaN,f,gen.sg.,
sen18_36,si, si,CONJ,NaN,NaN,NaN,NaN,
sen18_37,contrarius,contrarius,ADJ,NaN,NaN,m,nom.sg.,
sen18_38,ventus,ventus,N,NaN,NaN,m,nom.sg.,
sen18_39,resedisset,resido,V,NaN,NaN,NaN,3p.sg.conj.plp.act.,
sen18_40,.,.,PUNC,NaN,NaN,NaN,NaN,
sen19_1,Quo,qui,PRON,NaN,NaN,m,abl.sg.,
sen19_2,tunc,tunc,ADV,NaN,NaN,NaN,NaN,
sen19_3,avunculus,avunculus,N,NaN,NaN,m,nom.sg.,
sen19_4,meus,meus,ADJ,NaN,NaN,m,nom.sg.,
sen19_5,secundissimo,secundus,ADJ,NaN,NaN,m,abl.sg.sup.,
sen19_6,invectus,inveho,V,NaN,NaN,m,part.perf.pass.nom.sg.,
sen19_7,",",",",PUNC,NaN,NaN,NaN,NaN,
sen19_8,complectitur,complector,V,NaN,NaN,NaN,3p.sg.ind.praes.,
sen19_9,trepidantem,trepido,V,NaN,NaN,m,part.praes.act.acc.sg.,
sen19_10,consolatur,consolor,V,NaN,NaN,NaN,3p.sg.ind.praes.,
sen19_11,hortatur,hortor,V,NaN,NaN,NaN,3p.sg.ind.praes.,
sen19_12,",",",",PUNC,NaN,NaN,NaN,NaN,
sen19_13,utque,ut,CONJ,NaN,NaN,NaN,NaN,
sen19_14,timorem,timor,N,NaN,NaN,m,acc.sg.,
sen19_15,eius,is,PRON,NaN,NaN,f,gen.sg.,
sen19_16,sua,suus,ADJ,NaN,NaN,f,abl.sg.,
sen19_17,securitate,securitas,N,NaN,NaN,f,abl.sg.,
sen19_18,leniret,lenio,V,NaN,NaN,NaN,3p.sg.conj.impf.act.,
sen19_19,",",",",PUNC,NaN,NaN,NaN,NaN,
sen19_20,deferri,defero,V,NaN,NaN,NaN,inf.praes.pass.,
sen19_21,in,in,ADP,NaN,NaN,NaN,NaN,
sen19_22,balineum,balineum,N,NaN,NaN,n,acc.sg.,
sen19_23,iubet,iubeo,V,NaN,NaN,NaN,3p.sg.ind.praes.act.,
sen19_24,;,;,PUNC,NaN,NaN,NaN,NaN,
sen19_25,lotus,lavo,V,NaN,NaN,m,part.perf.pass.nom.sg.,
sen19_26,accubat,accubo,V,NaN,NaN,NaN,3p.sg.ind.praes.act.,
sen19_27,cenat,ceno,V,NaN,NaN,NaN,3p.sg.ind.praes.act.,
sen19_28,",",",",PUNC,NaN,NaN,NaN,NaN,
sen19_29,aut,aut,CONJ,NaN,NaN,NaN,NaN,
sen19_30,hilaris,hilaris,ADJ,NaN,NaN,m,nom.sg.,
sen19_31,aut,aut,CONJ,NaN,NaN,NaN,NaN,
sen19_32,—,—,PUNC,NaN,NaN,NaN,NaN,
sen19_33,quod,qui,PRON,NaN,NaN,n,nom.sg.,
sen19_34,aeque,aeque,ADV,NaN,NaN,NaN,NaN,
sen19_35,magnum,magnus,ADJ,NaN,NaN,n,nom.sg.,
sen19_36,—,—,PUNC,NaN,NaN,NaN,NaN,
sen19_37,similis,similis,ADJ,NaN,NaN,m,nom.sg.,
sen19_38,hilari,hilaris,ADJ,NaN,NaN,m,dat.sg.,
sen19_39,.,.,PUNC,NaN,NaN,NaN,NaN,
sen20_1,Interim,interim,ADV,NaN,NaN,NaN,NaN,
sen20_2,e,ex,ADP,NaN,NaN,NaN,NaN,
sen20_3,Vesuvio,Vesuvius,N,TRUE ,LOC,m,abl.sg.,
sen20_4,monte,mons,N,NaN,NaN,m,abl.sg.,
sen20_5,pluribus,multus,ADJ,NaN,NaN,m/f/n,abl.pl.,
sen20_6,locis,locus,N,NaN,NaN,m,abl.pl.,
sen20_7,latissimae,latus,ADJ,NaN,NaN,f,nom.pl.,
sen20_8,flammae,flamma,N,NaN,NaN,f,nom.pl.,
sen20_9,altaque,altus,ADJ,NaN,NaN,n,nom.pl.,
sen20_10,incendia,incendium,N,NaN,NaN,n,nom.pl.,
sen20_11,relucebant,reluceo,V,NaN,NaN,NaN,3p.pl.ind.impf.act.,
sen20_12,",",",",PUNC,NaN,NaN,NaN,NaN,
sen20_13,quorum,qui,PRON,NaN,NaN,n,gen.pl.,
sen20_14,fulgor,fulgor,N,NaN,NaN,m,nom.sg.,
sen20_15,et,et,CONJ,NaN,NaN,NaN,NaN,
sen20_16,claritas,claritas,N,NaN,NaN,f,nom.sg.,
sen20_17,tenebris,tenebrae,N,NaN,NaN,f,abl.pl.,
sen20_18,noctis,nox,N,NaN,NaN,f,gen.sg.,
sen20_19,excitabatur,excito,V,NaN,NaN,NaN,3p.sg.ind.impf.pass.,
sen20_20,.,.,PUNC,NaN,NaN,NaN,NaN,
sen21_1,Ille,ille,PRON,NaN,NaN,m,nom.sg.,
sen21_2,agrestium,agrestis,N,NaN,NaN,m/f,gen.pl.,
sen21_3,trepidatione,trepidatio,N,NaN,NaN,f,abl.sg.,
sen21_4,ignes,ignis,N,NaN,NaN,m,acc.pl.,
sen21_5,relictos,relinquo,V,NaN,NaN,m,part.perf.pass.acc.pl.,
sen21_6,desertasque,desero,V,NaN,NaN,f,part.perf.pass.acc.pl.,
sen21_7,villas,villa,N,NaN,NaN,f,acc.pl.,
sen21_8,per,per,ADP,NaN,NaN,NaN,NaN,
sen21_9,solitudinem,solitudo,N,NaN,NaN,f,acc.sg.,
sen21_10,ardere,arseo,V,NaN,NaN,NaN,inf.praes.act.,
sen21_11,in,in,ADP,NaN,NaN,NaN,NaN,
sen21_12,remedio,remedium,N,NaN,NaN,n,acc.sg.,
sen21_13,formidinis,formido,N,NaN,NaN,f,gen.sg.,
sen21_14,dictitabat,dictito,V,NaN,NaN,NaN,3p.sg.ind.impf.act.,
sen21_15,.,.,PUNC,NaN,NaN,NaN,NaN,
sen22_1,Tum,tum,ADV,NaN,NaN,NaN,NaN,
sen22_2,se,sui,PRON,NaN,NaN,m,acc.sg.,
sen22_3,quieti,quies,N,NaN,NaN,f,dat.sg.,
sen22_4,dedit,do,V,NaN,NaN,NaN,3p.sg.ind.perf.act.,
sen22_5,et,et,CONJ,NaN,NaN,NaN,NaN,
sen22_6,quievit,quiesco,V,NaN,NaN,NaN,3p.sg.ind.perf.act.,
sen22_7,verissimo,verus,ADJ,NaN,NaN,m,abl.sg.,
sen22_8,quidem,quidem,ADV,NaN,NaN,NaN,NaN,
sen22_9,somno,somnus,N,NaN,NaN,m,abl.sg.,
sen22_10,;,;,PUNC,NaN,NaN,NaN,NaN,
sen22_11,nam,nam,CONJ,NaN,NaN,NaN,NaN,
sen22_12,meatus,meatus,N,NaN,NaN,m,nom.sg.,
sen22_13,animae,anima,N,NaN,NaN,f,gen.sg.,
sen22_14,",",",",PUNC,NaN,NaN,NaN,NaN,
sen22_15,qui,qui,PRON,NaN,NaN,m,nom.sg.,
sen22_16,illi,ille,PRON,NaN,NaN,m,dat.sg.,
sen22_17,propter,propter,ADP,NaN,NaN,NaN,NaN,
sen22_18,amplitudinem,amplitudo,N,NaN,NaN,f,acc.sg.,
sen22_19,corporis,corpus,N,NaN,NaN,n,gen.sg.,
sen22_20,gravior,gravis,ADJ,NaN,NaN,m,nom.sg.,
sen22_21,et,et,CONJ,NaN,NaN,NaN,NaN,
sen22_22,sonantior,sonans,ADJ,NaN,NaN,m,nom.sg.,
sen22_23,erat,sum,V,NaN,NaN,NaN,3p.sg.ind.impf.act.,
sen22_24,",",",",PUNC,NaN,NaN,NaN,NaN,
sen22_25,ab,ab,ADP,NaN,NaN,NaN,NaN,
sen22_26,iis,is,PRON,NaN,NaN,m,abl.pl.,
sen22_27,qui,qui,PRON,NaN,NaN,m,nom.pl.,
sen22_28,limini,limen,N,NaN,NaN,n,dat.sg.,
sen22_29,obversabantur,obversor,V,NaN,NaN,NaN,3p.pl.ind.impf.,
sen22_30,audiebatur,audio,V,NaN,NaN,NaN,3p.sg.ind.impf.pass.,
sen22_31,.,.,PUNC,NaN,NaN,NaN,NaN,
sen23_1,Sed,sed,CONJ,NaN,NaN,NaN,NaN,
sen23_2,area,area,N,NaN,NaN,f,nom.sg.,
sen23_3,ex,ex,ADP,NaN,NaN,NaN,NaN,
sen23_4,qua,qui,PRON,NaN,NaN,f,abl.sg.,
sen23_5,diaeta,diaeta,N,NaN,NaN,f,nom.sg.,
sen23_6,adibatur,adeo,V,NaN,NaN,NaN,3p.sg.ind.impf.pass.,
sen23_7,ita,ita,ADV,NaN,NaN,NaN,NaN,
sen23_8,iam,iam,ADV,NaN,NaN,NaN,NaN,
sen23_9,cinere,cinis,N,NaN,NaN,m,abl.sg.,
sen23_10,mixtisque,misceo,V,NaN,NaN,m,part.perf.pass.abl.pl.,
sen23_11,pumicibus,pumex,N,NaN,NaN,m,abl.pl.,
sen23_12,oppleta,oppleo,V,NaN,NaN,f,part.perf.pass.nom.sg.,
sen23_13,surrexerat,surgo,V,NaN,NaN,NaN,3p.sg.ind.plp.act.,
sen23_14,",",",",PUNC,NaN,NaN,NaN,NaN,
sen23_15,ut,ut,CONJ,NaN,NaN,NaN,NaN,
sen23_16,si,si,CONJ,NaN,NaN,NaN,NaN,
sen23_17,longior,longus,ADJ,NaN,NaN,f,nom.sg.,
sen23_18,in,in,ADP,NaN,NaN,NaN,NaN,
sen23_19,cubiculo,cubiculum,N,NaN,NaN,n,abl.sg.,
sen23_20,mora,mora,N,NaN,NaN,f,nom.sg.,
sen23_21,",",",",PUNC,NaN,NaN,NaN,NaN,
sen23_22,exitus,exitus,N,NaN,NaN,m,nom.sg.,
sen23_23,negaretur,nego,V,NaN,NaN,NaN,3p.sg.conj.impf.pass.,
sen23_24,.,.,PUNC,NaN,NaN,NaN,NaN,
sen24_1,Excitatus,excito,V,NaN,NaN,m,part.perf.pass.nom.sg.,
sen24_2,procedit,procedo,V,NaN,NaN,NaN,3p.sg.ind.praes.act.,
sen24_3,",",",",PUNC,NaN,NaN,NaN,NaN,
sen24_4,seque,sui,PRON,NaN,NaN,m,acc.sg.,
sen24_5,Pomponiano,Pomponianus,N,TRUE ,PER,m,dat.sg.,
sen24_6,ceterisque,ceteri,ADJ,NaN,NaN,m,dat.pl.,
sen24_7,qui,qui,PRON,NaN,NaN,m,nom.pl.,
sen24_8,pervigilaverant,pervigilo,V,NaN,NaN,NaN,3p.pl.ind.plp.act.,
sen24_9,reddit,reddo,V,NaN,NaN,NaN,3p.sg.ind.praes.act.,
sen24_10,.,.,PUNC,NaN,NaN,NaN,NaN,
sen25_1,In,in,ADP,NaN,NaN,NaN,NaN,
sen25_2,commune,communis,ADJ,NaN,NaN,n,acc.sg.,
sen25_3,consultant,consulto,V,NaN,NaN,NaN,3p.pl.ind.praes.act.,
sen25_4,",",",",PUNC,NaN,NaN,NaN,NaN,
sen25_5,intra,intra,ADP,NaN,NaN,NaN,NaN,
sen25_6,tecta,tectum,N,NaN,NaN,n,acc.pl.,
sen25_7,subsistant,subsisto,V,NaN,NaN,NaN,3p.pl.conj.praes.act.,
sen25_8,an,an,CONJ,NaN,NaN,NaN,NaN,
sen25_9,in,in,ADP,NaN,NaN,NaN,NaN,
sen25_10,aperto,apertus,ADJ,NaN,NaN,n,abl.sg.,
sen25_11,vagentur,vagor,V,NaN,NaN,NaN,3p.pl.conj.praes.,
sen25_12,.,.,PUNC,NaN,NaN,NaN,NaN,
sen26_1,Nam,nam,CONJ,NaN,NaN,NaN,NaN,
sen26_2,crebris,creber,ADJ,NaN,NaN,m,abl.pl.,
sen26_3,vastisque,vastus,ADJ,NaN,NaN,m,abl.pl.,
sen26_4,tremoribus,tremor,N,NaN,NaN,m,abl.pl.,
sen26_5,tecta,tectum,N,NaN,NaN,n,nom.pl.,
sen26_6,nutabant,nuto,V,NaN,NaN,NaN,3p.pl.ind.impf.act.,
sen26_7,",",",",PUNC,NaN,NaN,NaN,NaN,
sen26_8,et,et,CONJ,NaN,NaN,NaN,NaN,
sen26_9,quasi,quasi,ADV,NaN,NaN,NaN,NaN,
sen26_10,emota,emoveo,V,NaN,NaN,n,part.perf.pass.nom.pl.,
sen26_11,sedibus,sedes,N,NaN,NaN,f,abl.pl.,
sen26_12,suis,suus,ADJ,NaN,NaN,f,abl.pl.,
sen26_13,nunc,nunc,ADV,NaN,NaN,NaN,NaN,
sen26_14,huc,huc,ADV,NaN,NaN,NaN,NaN,
sen26_15,nunc,nunc,ADV,NaN,NaN,NaN,NaN,
sen26_16,illuc,illuc,ADV,NaN,NaN,NaN,NaN,
sen26_17,abire,abeo,V,NaN,NaN,NaN,inf.praes.act.,
sen26_18,aut,aut,CONJ,NaN,NaN,NaN,NaN,
sen26_19,referri,refero,V,NaN,NaN,NaN,inf.praes.pass.,
sen26_20,videbantur,video,V,NaN,NaN,NaN,3p.pl.ind.impf.pass.,
sen26_21,.,.,PUNC,NaN,NaN,NaN,NaN,
sen27_1,Sub,sub,ADP,NaN,NaN,NaN,NaN,
sen27_2,dio,dius,N,NaN,NaN,n,abl.sg.,
sen27_3,rursus,rursus,ADV,NaN,NaN,NaN,NaN,
sen27_4,quamquam,quamquam,CONJ,NaN,NaN,NaN,NaN,
sen27_5,levium,levis,ADJ,NaN,NaN,m,gen.pl.,
sen27_6,exesorumque,exedo,V,NaN,NaN,m,part.perf.pass.gen.pl.,
sen27_7,pumicum,pumex,N,NaN,NaN,m,gen.pl.,
sen27_8,casus,casus,N,NaN,NaN,m,nom.sg.,
sen27_9,metuebatur,metuo,V,NaN,NaN,NaN,3p.sg.ind.impf.pass.,
sen27_10,",",",",PUNC,NaN,NaN,NaN,NaN,
sen27_11,quod,qui,PRON,NaN,NaN,n,acc.sg.,
sen27_12,tamen,tamen,CONJ,NaN,NaN,NaN,NaN,
sen27_13,periculorum,periculum,N,NaN,NaN,n,gen.pl.,
sen27_14,collatio,collatio,N,NaN,NaN,f,nom.sg.,
sen27_15,elegit,eligo,V,NaN,NaN,NaN,3p.sg.ind.perf.act.,
sen27_16,;,;,PUNC,NaN,NaN,NaN,NaN,
sen27_17,et,et,CONJ,NaN,NaN,NaN,NaN,
sen27_18,apud,apud,ADP,NaN,NaN,NaN,NaN,
sen27_19,illum,ille,PRON,NaN,NaN,m,acc.sg.,
sen27_20,quidem,quidem,ADV,NaN,NaN,NaN,NaN,
sen27_21,ratio,ratio,N,NaN,NaN,f,nom.sg.,
sen27_22,rationem,ratio,N,NaN,NaN,f,acc.sg.,
sen27_23,",",",",PUNC,NaN,NaN,NaN,NaN,
sen27_24,apud,apud,ADP,NaN,NaN,NaN,NaN,
sen27_25,alios,alius,PRON,NaN,NaN,m,acc.pl.,
sen27_26,timorem,timor,N,NaN,NaN,m,acc.sg.,
sen27_27,timor,timor,N,NaN,NaN,m,nom.sg.,
sen27_28,vicit,vinco,V,NaN,NaN,NaN,3p.sg.ind.perf.act.,
sen27_29,.,.,PUNC,NaN,NaN,NaN,NaN,
sen28_1,Cervicalia,cervical,N,NaN,NaN,n,acc.pl.,
sen28_2,capitibus,caput,N,NaN,NaN,n,dat.pl.,
sen28_3,imposita,impono,V,NaN,NaN,n,part.perf.pass.acc.pl.,
sen28_4,linteis,linteum,N,NaN,NaN,n,abl.pl.,
sen28_5,constringunt,constringo,V,NaN,NaN,NaN,3p.pl.ind.praes.act.,
sen28_6,;,;,PUNC,NaN,NaN,NaN,NaN,
sen28_7,id,is,PRON,NaN,NaN,n,nom.sg.,
sen28_8,munimentum,munimentum,N,NaN,NaN,n,nom.sg.,
sen28_9,adversus,adversus,ADP,NaN,NaN,NaN,NaN,
sen28_10,incidentia,incido,V,NaN,NaN,n,part.praes.act.acc.pl.,
sen28_11,fuit,sum,V,NaN,NaN,NaN,3p.sg.ind.perf.act.,
sen28_12,.,.,PUNC,NaN,NaN,NaN,NaN,
sen29_1,Iam,iam,ADV,NaN,NaN,NaN,NaN,
sen29_2,dies,dies,N,NaN,NaN,m,nom.sg.,
sen29_3,alibi,alibi,ADV,NaN,NaN,NaN,NaN,
sen29_4,",",",",PUNC,NaN,NaN,NaN,NaN,
sen29_5,illic,illic,ADV,NaN,NaN,NaN,NaN,
sen29_6,nox,nox,N,NaN,NaN,f,nom.sg.,
sen29_7,omnibus,omnis,ADJ,NaN,NaN,f,abl.pl.,
sen29_8,noctibus,nox,N,NaN,NaN,f,abl.pl.,
sen29_9,nigrior,niger,ADJ,NaN,NaN,f,nom.sg.,
sen29_10,densiorque,densus,ADJ,NaN,NaN,f,nom.sg.,
sen29_11,;,;,PUNC,NaN,NaN,NaN,NaN,
sen29_12,quam,qui,PRON,NaN,NaN,f,acc.sg.,
sen29_13,tamen,tamen,CONJ,NaN,NaN,NaN,NaN,
sen29_14,faces,fax,N,NaN,NaN,f,nom.pl.,
sen29_15,multae,multus,ADJ,NaN,NaN,f,nom.pl.,
sen29_16,variaque,varius,ADJ,NaN,NaN,n,nom.pl.,
sen29_17,lumina,lumen,N,NaN,NaN,n,nom.pl.,
sen29_18,solvebant,solvo,V,NaN,NaN,NaN,3p.pl.ind.impf.act.,
sen29_19,.,.,PUNC,NaN,NaN,NaN,NaN,
sen30_1,Placuit,placeo,V,NaN,NaN,NaN,3p.sg.ind.perf.act.,
sen30_2,egredi,egredior,V,NaN,NaN,NaN,inf.praes.,
sen30_3,in,in,ADP,NaN,NaN,NaN,NaN,
sen30_4,litus,litus,N,NaN,NaN,n,acc.sg.,
sen30_5,",",",",PUNC,NaN,NaN,NaN,NaN,
sen30_6,et,et,CONJ,NaN,NaN,NaN,NaN,
sen30_7,ex,ex,ADP,NaN,NaN,NaN,NaN,
sen30_8,proximo,proximus,ADJ,NaN,NaN,n,abl.sg.,
sen30_9,adspicere,aspicio,V,NaN,NaN,NaN,inf.praes.act.,
sen30_10,",",",",PUNC,NaN,NaN,NaN,NaN,
sen30_11,ecquid,ecquis,PRON,NaN,NaN,n,acc.sg.,
sen30_12,iam,iam,ADV,NaN,NaN,NaN,NaN,
sen30_13,mare,mare,N,NaN,NaN,n,nom.sg.,
sen30_14,admitteret,admitto,V,NaN,NaN,NaN,3p.sg.conj.impf.act.,
sen30_15,;,;,PUNC,NaN,NaN,NaN,NaN,
sen30_16,quod,qui,PRON,NaN,NaN,n,nom.sg.,
sen30_17,adhuc,adhuc,ADV,NaN,NaN,NaN,NaN,
sen30_18,vastum,vastus,ADJ,NaN,NaN,n,nom.sg.,
sen30_19,et,et,CONJ,NaN,NaN,NaN,NaN,
sen30_20,adversum,adversus,ADJ,NaN,NaN,n,nom.sg.,
sen30_21,permanebat,permaneo,V,NaN,NaN,NaN,3p.sg.ind.impf.act.,
sen30_22,.,.,PUNC,NaN,NaN,NaN,NaN,
sen31_1,Ibi,ibi,ADV,NaN,NaN,NaN,NaN,
sen31_2,super,super,ADP,NaN,NaN,NaN,NaN,
sen31_3,abiectum,abicio,V,NaN,NaN,n,part.perf.pass.acc.sg.,
sen31_4,linteum,linteum,N,NaN,NaN,n,acc.sg.,
sen31_5,recubans,recubo,V,NaN,NaN,m,part.praes.act.nom.sg.,
sen31_6,semel,semel,ADV,NaN,NaN,NaN,NaN,
sen31_7,atque,atque,CONJ,NaN,NaN,NaN,NaN,
sen31_8,iterum,iterum,ADV,NaN,NaN,NaN,NaN,
sen31_9,frigidam,frigidus,ADJ,NaN,NaN,f,acc.sg.,
sen31_10,aquam,aqua,N,NaN,NaN,f,acc.sg.,
sen31_11,poposcit,posco,V,NaN,NaN,NaN,3p.sg.ind.perf.act.,
sen31_12,hausitque,haurio,V,NaN,NaN,NaN,3p.sg.ind.perf.act.,
sen31_13,.,.,PUNC,NaN,NaN,NaN,NaN,
sen32_1,Deinde,deinde,ADV,NaN,NaN,NaN,NaN,
sen32_2,flammae,flamma,N,NaN,NaN,f,nom.pl.,
sen32_3,flammarumque,flamma,N,NaN,NaN,f,gen.pl.,
sen32_4,praenuntius,praenuntius,N,NaN,NaN,m,nom.sg.,
sen32_5,odor,odor,N,NaN,NaN,m,nom.sg.,
sen32_6,sulpuris,sulpur,N,NaN,NaN,n,gen.sg.,
sen32_7,alios,alius,PRON,NaN,NaN,m,acc.pl.,
sen32_8,in,in,ADP,NaN,NaN,NaN,NaN,
sen32_9,fugam,fuga,N,NaN,NaN,f,acc.sg.,
sen32_10,vertunt,verto,V,NaN,NaN,NaN,3p.pl.ind.praes.act.,
sen32_11,",",",",PUNC,NaN,NaN,NaN,NaN,
sen32_12,excitant,excito,V,NaN,NaN,NaN,3p.pl.ind.praes.act.,
sen32_13,illum,ille,PRON,NaN,NaN,m,acc.sg.,
sen32_14,.,.,PUNC,NaN,NaN,NaN,NaN,
sen33_1,Innitens,innitor,V,NaN,NaN,m,part.praes.nom.sg.,
sen33_2,servolis,servolus,N,NaN,NaN,m,dat.pl.,
sen33_3,duobus,duo,ADJ,NaN,NaN,m,dat.pl.,
sen33_4,assurrexit,assurgo,V,NaN,NaN,NaN,3p.sg.ind.perf.act.,
sen33_5,et,et,CONJ,NaN,NaN,NaN,NaN,
sen33_6,statim,statim,ADV,NaN,NaN,NaN,NaN,
sen33_7,concidit,concido,V,NaN,NaN,NaN,3p.sg.ind.perf.act.,
sen33_8,",",",",PUNC,NaN,NaN,NaN,NaN,
sen33_9,ut,ut,CONJ,NaN,NaN,NaN,NaN,
sen33_10,ego,ego,PRON,NaN,NaN,m/f,nom.sg.,
sen33_11,colligo,colligo,V,NaN,NaN,NaN,1p.sg.ind.praes.act.,
sen33_12,",",",",PUNC,NaN,NaN,NaN,NaN,
sen33_13,crassiore,crassus,ADJ,NaN,NaN,f,abl.sg.,
sen33_14,caligine,caligo,N,NaN,NaN,f,abl.sg.,
sen33_15,spiritu,spiritus,N,NaN,NaN,m,abl.sg.,
sen33_16,obstructo,obstruo,V,NaN,NaN,m,part.perf.pass.abl.sg.,
sen33_17,",",",",PUNC,NaN,NaN,NaN,NaN,
sen33_18,clausoque,claudo,V,NaN,NaN,m,part.perf.pass.abl.sg.,
sen33_19,stomacho,stomachus,N,NaN,NaN,m,abl.sg.,
sen33_20,qui,qui,PRON,NaN,NaN,m,nom.sg.,
sen33_21,illi,ille,PRON,NaN,NaN,m,dat.sg.,
sen33_22,natura,natura,N,NaN,NaN,f,abl.sg.,
sen33_23,invalidus,invalidus,ADJ,NaN,NaN,m,nom.sg.,
sen33_24,et,et,CONJ,NaN,NaN,NaN,NaN,
sen33_25,angustus,angustus,ADJ,NaN,NaN,m,nom.sg.,
sen33_26,et,et,CONJ,NaN,NaN,NaN,NaN,
sen33_27,frequenter,frequenter,ADV,NaN,NaN,NaN,NaN,
sen33_28,aestuans,aestuo,V,NaN,NaN,m,part.praes.act.nom.sg.,
sen33_29,erat,sum,V,NaN,NaN,NaN,3p.sg.ind.impf.act.,
sen33_30,.,.,PUNC,NaN,NaN,NaN,NaN,
sen34_1,Ubi,ubi,CONJ,NaN,NaN,NaN,NaN,
sen34_2,dies,dies,N,NaN,NaN,m,nom.sg.,
sen34_3,redditus,reddo,V,NaN,NaN,m,part.perf.pass.nom.sg.,
sen34_4,—,—,PUNC,NaN,NaN,NaN,NaN,
sen34_5,is,is,PRON,NaN,NaN,m,nom.sg.,
sen34_6,ab,ab,ADP,NaN,NaN,NaN,NaN,
sen34_7,eo,is,PRON,NaN,NaN,m,abl.sg.,
sen34_8,quem,qui,PRON,NaN,NaN,m,acc.sg.,
sen34_9,novissime,novissime,ADV,NaN,NaN,NaN,NaN,
sen34_10,viderat,video,V,NaN,NaN,NaN,3p.sg.ind.plp.act.,
sen34_11,tertius,tertius,ADJ,NaN,NaN,m,nom.sg.,
sen34_12,-,-,PUNC,NaN,NaN,NaN,NaN,
sen34_13,",",",",PUNC,NaN,NaN,NaN,NaN,
sen34_14,corpus,corpus,N,NaN,NaN,n,nom.sg.,
sen34_15,inventum,invenio,V,NaN,NaN,n,part.perf.pass.nom.sg.,
sen34_16,integrum,integer,ADJ,NaN,NaN,n,nom.sg.,
sen34_17,illaesum,illaesus,ADJ,NaN,NaN,n,nom.sg.,
sen34_18,opertumque,operio,V,NaN,NaN,n,part.perf.pass.nom.sg.,
sen34_19,ut,ut,CONJ,NaN,NaN,NaN,NaN,
sen34_20,fuerat,sum,V,NaN,NaN,NaN,3p.sg.ind.plp.act.,
sen34_21,indutus,induo,V,NaN,NaN m,part.perf.pass.nom.sg.,,
sen34_22,:,:,PUNC,NaN,NaN,NaN,NaN,
sen34_23,habitus,habitus,N,NaN,NaN,m,nom.sg.,
sen34_24,corporis,corpus,N,NaN,NaN,n,gen.sg.,
sen34_25,quiescenti,quiesco,V,NaN,NaN,m,part.praes.act.dat.sg.,
sen34_26,quam,quam,CONJ,NaN,NaN,NaN,NaN,
sen34_27,defuncto,defungor,V,NaN,NaN,m,part.perf.dep.dat.sg.,
sen34_28,similior,similis,ADJ,NaN,NaN,m,nom.sg.,
sen34_29,.,.,PUNC,NaN,NaN,NaN,NaN,
sen35_1,Interim,interim,ADV,NaN,NaN,NaN,NaN,
sen35_2,Miseni,Misenum,N,TRUE ,LOC,n,loc.sg.,
sen35_3,ego,ego,PRON,NaN,NaN,m/f,nom.sg.,
sen35_4,et,et,CONJ,NaN,NaN,NaN,NaN,
sen35_5,mater,mater,N,NaN,NaN,f,nom.sg.,
sen35_6,—,—,PUNC,NaN,NaN,NaN,NaN,
sen35_7,sed,sed,CONJ,NaN,NaN,NaN,NaN,
sen35_8,nihil,nihil,PRON,NaN,NaN,n,nom.sg.,
sen35_9,ad,ad,ADP,NaN,NaN,NaN,NaN,
sen35_10,historiam,historia,N,NaN,NaN,f,acc.sg.,
sen35_11,",",",",PUNC,NaN,NaN,NaN,NaN,
sen35_12,nec,nec,CONJ,NaN,NaN,NaN,NaN,
sen35_13,tu,tu,PRON,NaN,NaN,m,nom.sg.,
sen35_14,aliud,alius,PRON,NaN,NaN,n,acc.sg.,
sen35_15,quam,quam,CONJ,NaN,NaN,NaN,NaN,
sen35_16,de,de,ADP,NaN,NaN,NaN,NaN,
sen35_17,exitu,exitus,N,NaN,NaN,m,abl.sg.,
sen35_18,eius,is,PRON,Yes,PER,m,gen.sg.,
sen35_19,scire,scio,V,NaN,NaN,NaN,inf.praes.act.,
sen35_20,voluisti,volo,V,NaN,NaN,NaN,2p.sg.ind.perf.act.,
sen35_21,.,.,PUNC,NaN,NaN,NaN,NaN,
sen36_1,Finem,finis,N,NaN,NaN,m,acc.sg.,
sen36_2,ergo,ergo,CONJ,NaN,NaN,NaN,NaN,
sen36_3,faciam,facio,V,NaN,NaN,NaN,1p.sg.ind.fut.act.,
sen36_4,.,.,PUNC,NaN,NaN,NaN,NaN,
sen37_1,Unum,unus,PRON,NaN,NaN,n,acc.sg.,
sen37_2,adiciam,adicio,V,NaN,NaN,NaN,1p.sg.ind.fut.act.,
sen37_3,",",",",PUNC,NaN,NaN,NaN,NaN,
sen37_4,omnia,omnis,ADJ,NaN,NaN,n,acc.pl.,
sen37_5,me,ego,PRON,NaN,NaN,m/f,acc.sg.,
sen37_6,quibus,qui,PRON,NaN,NaN,n,dat.pl.,
sen37_7,interfueram,intersum,V,NaN,NaN,NaN,1p.sg.ind.plp.act.,
sen37_8,quaeque,qui,PRON,NaN,NaN,n,acc.pl.,
sen37_9,statim,statim,ADV,NaN,NaN,NaN,NaN,
sen37_10,",",",",PUNC,NaN,NaN,NaN,NaN,
sen37_11,cum,cum,CONJ,NaN,NaN,NaN,NaN,
sen37_12,maxime,maxime,ADV,NaN,NaN,NaN,NaN,
sen37_13,vera,verus,ADJ,NaN,NaN,n,nom.pl.,
sen37_14,memorantur,memoro,V,NaN,NaN,NaN,3p.pl.ind.praes.pass.,
sen37_15,",",",",PUNC,NaN,NaN,NaN,NaN,
sen37_16,audieram,audio,V,NaN,NaN,NaN,1p.sg.ind.plp.act.,
sen37_17,",",",",PUNC,NaN,NaN,NaN,NaN,
sen37_18,persecutum,persequor,V,NaN,NaN,m,part.perf.dep.acc.sg.,
sen37_19,.,.,PUNC,NaN,NaN,NaN,NaN,
sen38_1,Tu,tu,PRON,NaN,NaN,m,nom.sg.,
sen38_2,potissima,potis,ADJ,NaN,NaN,n,acc.pl.sup.,
sen38_3,excerpes,excerpo,V,NaN,NaN,NaN,2p.sg.ind.fut.act.,
sen38_4,;,;,PUNC,NaN,NaN,NaN,NaN,
sen38_5,aliud,alius,PRON,NaN,NaN,n,nom.sg.,
sen38_6,est,sum,V,NaN,NaN,NaN,3p.sg.ind.praes.act.,
sen38_7,enim,enim,CONJ,NaN,NaN,NaN,NaN,
sen38_8,epistulam,epistula,N,NaN,NaN,f,acc.sg.,
sen38_9,aliud,alius,PRON,NaN,NaN,n,acc.sg.,
sen38_10,historiam,historia,N,NaN,NaN,f,acc.sg.,
sen38_11,",",",",PUNC,NaN,NaN,NaN,NaN,
sen38_12,aliud,alius,PRON,NaN,NaN,n,nom.sg.,
sen38_13,amico,amicus,N,NaN,NaN,m,dat.sg.,
sen38_14,aliud,alius,PRON,NaN,NaN,n,dat.sg.,
sen38_15,omnibus,omnis,ADJ,NaN,NaN,m,dat.pl.,
sen38_16,scribere,scribo,V,NaN,NaN,NaN,inf.praes.act.,
sen38_17,.,.,PUNC,NaN,NaN,NaN,NaN,
sen39_1,Vale,valeo,V,NaN,NaN,NaN,2p.sg.imp.praes.act.,
sen39_2,.,.,PUNC,NaN,NaN,NaN,NaN,
